 country_code, year, value 
 AFG, 2021, 1141.0 
 ALB, 2021, 758.0 
 DZA, 2021, 17305.0 
 AND, 2021,  
 AGO, 2021, 128292.0 
 ATG, 2021,  
 ARG, 2021, 101200.0 
 ARM, 2021,  
 AUS, 2021,  
 AUT, 2021,  
 AZE, 2021, 6218.0 
 BHS, 2021, 3047.0 
 BHR, 2021, 271.0 
 BGD, 2021, 4565.0 
 BRB, 2021, 1440.0 
 BLR, 2021, 19888.0 
 BEL, 2021,  
 BLZ, 2021, 1660.0 
 BEN, 2021, 57667.0 
 BTN, 2021, 561.0 
 BOL, 2021, 14568.0 
 BIH, 2021,  
 BWA, 2021, 334351.0 
 BRA, 2021, 695094.0 
 BRN, 2021,  
 BGR, 2021, 1923.0 
 BFA, 2021, 74340.0 
 BDI, 2021, 73798.0 
 CPV, 2021, 2847.0 
 KHM, 2021, 62561.0 
 CMR, 2021, 388358.0 
 CAN, 2021,  
 CAF, 2021, 56123.0 
 TCD, 2021, 82755.0 
 CHL, 2021, 57078.0 
 CHN, 2021, 1063303.0 
 COL, 2021, 127410.0 
 COM, 2021, 90.0 
 COG, 2021, 29487.0 
 COK, 2021,  
 CRI, 2021, 11084.0 
 CIV, 2021, 289135.0 
 HRV, 2021, 1349.0 
 CUB, 2021, 26130.0 
 CYP, 2021,  
 CZE, 2021,  
 PRK, 2021,  
 COD, 2021, 444499.0 
 DNK, 2021,  
 DJI, 2021, 1864.0 
 DMA, 2021,  
 DOM, 2021, 43251.0 
 ECU, 2021, 34538.0 
 EGY, 2021, 12311.0 
 SLV, 2021, 14700.0 
 GNQ, 2021, 27541.0 
 ERI, 2021, 8775.0 
 EST, 2021,  
 SWZ, 2021, 199947.0 
 ETH, 2021, 480264.0 
 FJI, 2021, 647.0 
 FIN, 2021,  
 FRA, 2021,  
 GAB, 2021, 25375.0 
 GMB, 2021, 8695.0 
 GEO, 2021, 5746.0 
 DEU, 2021,  
 GHA, 2021, 245223.0 
 GRC, 2021, 11563.0 
 GRD, 2021,  
 GTM, 2021, 22466.0 
 GIN, 2021, 64773.0 
 GNB, 2021, 17609.0 
 GUY, 2021, 6147.0 
 HTI, 2021, 127399.0 
 HND, 2021, 12419.0 
 HUN, 2021,  
 ISL, 2021,  
 IND, 2021, 1561191.0 
 IDN, 2021, 153016.0 
 IRN, 2021, 15815.0 
 IRQ, 2021,  
 IRL, 2021,  
 ISR, 2021,  
 ITA, 2021,  
 JAM, 2021, 14014.0 
 JPN, 2021, 26560.0 
 JOR, 2021,  
 KAZ, 2021, 22315.0 
 KEN, 2021, 1122334.0 
 KIR, 2021,  
 KWT, 2021,  
 KGZ, 2021, 5044.0 
 LAO, 2021,  
 LVA, 2021, 3075.0 
 LBN, 2021, 1952.0 
 LSO, 2021, 232439.0 
 LBR, 2021, 21067.0 
 LBY, 2021, 3358.0 
 LTU, 2021,  
 LUX, 2021, 1047.0 
 MDG, 2021, 8995.0 
 MWI, 2021, 897880.0 
 MYS, 2021, 44916.0 
 MDV, 2021,  
 MLI, 2021, 56194.0 
 MLT, 2021,  
 MHL, 2021,  
 MRT, 2021, 3623.0 
 MUS, 2021, 3088.0 
 MEX, 2021, 219036.0 
 FSM, 2021,  
 MCO, 2021,  
 MNG, 2021, 238.0 
 MNE, 2021, 205.0 
 MAR, 2021, 18159.0 
 MOZ, 2021, 1698176.0 
 MMR, 2021, 190641.0 
 NAM, 2021, 195715.0 
 NRU, 2021,  
 NPL, 2021, 21723.0 
 NLD, 2021,  
 NZL, 2021, 2963.0 
 NIC, 2021, 5885.0 
 NER, 2021, 24292.0 
 NGA, 2021, 1734070.0 
 NIU, 2021,  
 MKD, 2021,  
 NOR, 2021, 4278.0 
 OMN, 2021, 1617.0 
 PAK, 2021, 29626.0 
 PLW, 2021,  
 PAN, 2021,  
 PNG, 2021, 38376.0 
 PRY, 2021, 10781.0 
 PER, 2021, 78669.0 
 PHL, 2021, 56385.0 
 POL, 2021,  
 PRT, 2021,  
 QAT, 2021, 160.0 
 KOR, 2021,  
 MDA, 2021, 7267.0 
 ROU, 2021, 13352.0 
 RUS, 2021, 672928.0 
 RWA, 2021, 210343.0 
 KNA, 2021,  
 LCA, 2021,  
 VCT, 2021,  
 WSM, 2021,  
 SMR, 2021,  
 STP, 2021,  
 SAU, 2021, 8520.0 
 SEN, 2021, 31629.0 
 SRB, 2021, 2299.0 
 SYC, 2021,  
 SLE, 2021, 46445.0 
 SGP, 2021,  
 SVK, 2021,  
 SVN, 2021, 719.0 
 SLB, 2021,  
 SOM, 2021, 3888.0 
 ZAF, 2021, 5549989.0 
 SSD, 2021, 47440.0 
 ESP, 2021,  
 LKA, 2021, 2402.0 
 SDN, 2021, 11069.0 
 SUR, 2021,  
 SWE, 2021,  
 CHE, 2021, 15509.0 
 SYR, 2021, 305.0 
 TJK, 2021, 8740.0 
 THA, 2021, 447061.0 
 GBR, 2021,  
 TLS, 2021, 774.0 
 TGO, 2021, 81123.0 
 TON, 2021,  
 TTO, 2021, 7217.0 
 TUN, 2021, 1550.0 
 TUR, 2021,  
 TKM, 2021, 0.0 
 TUV, 2021,  
 UGA, 2021, 1168975.0 
 UKR, 2021, 152226.0 
 ARE, 2021,  
 TZA, 2021, 1477809.0 
 USA, 2021,  
 URY, 2021, 10342.0 
 UZB, 2021, 30019.0 
 VUT, 2021,  
 VEN, 2021, 57314.0 
 VNM, 2021, 176137.0 
 YEM, 2021, 3191.0 
 ZMB, 2021, 1197703.0 
 ZWE, 2021, 1188636.0 
 AFG, 2020, 1096.0 
 ALB, 2020, 681.0 
 DZA, 2020, 15564.0 
 AND, 2020,  
 AGO, 2020, 111188.0 
 ATG, 2020,  
 ARG, 2020, 95685.0 
 ARM, 2020,  
 AUS, 2020, 24225.0 
 AUT, 2020,  
 AZE, 2020, 5618.0 
 BHS, 2020, 2992.0 
 BHR, 2020, 281.0 
 BGD, 2020, 4194.0 
 BRB, 2020, 1406.0 
 BLR, 2020, 18765.0 
 BEL, 2020,  
 BLZ, 2020, 1605.0 
 BEN, 2020, 52497.0 
 BTN, 2020, 515.0 
 BOL, 2020, 12924.0 
 BIH, 2020,  
 BWA, 2020, 324183.0 
 BRA, 2020, 655608.0 
 BRN, 2020,  
 BGR, 2020, 1793.0 
 BFA, 2020, 70156.0 
 BDI, 2020, 73033.0 
 CPV, 2020, 2556.0 
 KHM, 2020, 62310.0 
 CMR, 2020, 350823.0 
 CAN, 2020,  
 CAF, 2020, 50805.0 
 TCD, 2020, 77017.0 
 CHL, 2020, 54153.0 
 CHN, 2020, 978138.0 
 COL, 2020, 115991.0 
 COM, 2020, 85.0 
 COG, 2020, 27371.0 
 COK, 2020,  
 CRI, 2020, 9217.0 
 CIV, 2020, 280848.0 
 HRV, 2020, 1300.0 
 CUB, 2020, 24863.0 
 CYP, 2020, 1077.0 
 CZE, 2020,  
 PRK, 2020,  
 COD, 2020, 376325.0 
 DNK, 2020, 5808.0 
 DJI, 2020, 2063.0 
 DMA, 2020,  
 DOM, 2020, 38270.0 
 ECU, 2020, 33797.0 
 EGY, 2020, 10352.0 
 SLV, 2020, 13843.0 
 GNQ, 2020, 25703.0 
 ERI, 2020, 9078.0 
 EST, 2020,  
 SWZ, 2020, 204286.0 
 ETH, 2020, 483127.0 
 FJI, 2020, 506.0 
 FIN, 2020,  
 FRA, 2020, 160314.0 
 GAB, 2020, 24208.0 
 GMB, 2020, 8286.0 
 GEO, 2020, 5442.0 
 DEU, 2020,  
 GHA, 2020, 208811.0 
 GRC, 2020, 11129.0 
 GRD, 2020,  
 GTM, 2020, 21113.0 
 GIN, 2020, 55993.0 
 GNB, 2020, 17200.0 
 GUY, 2020, 5889.0 
 HTI, 2020, 122224.0 
 HND, 2020, 11956.0 
 HUN, 2020,  
 ISL, 2020, 287.0 
 IND, 2020, 1495635.0 
 IDN, 2020, 142906.0 
 IRN, 2020, 15421.0 
 IRQ, 2020,  
 IRL, 2020,  
 ISR, 2020,  
 ITA, 2020,  
 JAM, 2020, 13082.0 
 JPN, 2020, 26150.0 
 JOR, 2020,  
 KAZ, 2020, 20176.0 
 KEN, 2020, 1123350.0 
 KIR, 2020,  
 KWT, 2020,  
 KGZ, 2020, 4443.0 
 LAO, 2020, 8189.0 
 LVA, 2020, 3014.0 
 LBN, 2020, 1854.0 
 LSO, 2020, 232984.0 
 LBR, 2020, 18515.0 
 LBY, 2020, 3286.0 
 LTU, 2020, 1248.0 
 LUX, 2020, 964.0 
 MDG, 2020, 5885.0 
 MWI, 2020, 864503.0 
 MYS, 2020, 42579.0 
 MDV, 2020, 13.0 
 MLI, 2020, 56901.0 
 MLT, 2020,  
 MHL, 2020,  
 MRT, 2020, 3384.0 
 MUS, 2020, 2936.0 
 MEX, 2020, 200350.0 
 FSM, 2020,  
 MCO, 2020,  
 MNG, 2020, 223.0 
 MNE, 2020, 196.0 
 MAR, 2020, 16527.0 
 MOZ, 2020, 1402900.0 
 MMR, 2020, 199232.0 
 NAM, 2020, 181696.0 
 NRU, 2020,  
 NPL, 2020, 19827.0 
 NLD, 2020, 21027.0 
 NZL, 2020, 2876.0 
 NIC, 2020, 5775.0 
 NER, 2020, 21330.0 
 NGA, 2020, 1483017.0 
 NIU, 2020,  
 MKD, 2020,  
 NOR, 2020, 4176.0 
 OMN, 2020, 1454.0 
 PAK, 2020, 24362.0 
 PLW, 2020,  
 PAN, 2020,  
 PNG, 2020, 35840.0 
 PRY, 2020, 9778.0 
 PER, 2020, 71630.0 
 PHL, 2020, 45894.0 
 POL, 2020,  
 PRT, 2020,  
 QAT, 2020, 128.0 
 KOR, 2020,  
 MDA, 2020, 6810.0 
 ROU, 2020, 12904.0 
 RUS, 2020, 615099.0 
 RWA, 2020, 204711.0 
 KNA, 2020,  
 LCA, 2020,  
 VCT, 2020,  
 WSM, 2020,  
 SMR, 2020,  
 STP, 2020,  
 SAU, 2020,  
 SEN, 2020, 30431.0 
 SRB, 2020, 2172.0 
 SYC, 2020,  
 SLE, 2020, 38003.0 
 SGP, 2020, 6363.0 
 SVK, 2020,  
 SVN, 2020, 709.0 
 SLB, 2020,  
 SOM, 2020, 3697.0 
 ZAF, 2020, 5451944.0 
 SSD, 2020, 42447.0 
 ESP, 2020, 132569.0 
 LKA, 2020, 2167.0 
 SDN, 2020, 11755.0 
 SUR, 2020,  
 SWE, 2020,  
 CHE, 2020, 15609.0 
 SYR, 2020, 280.0 
 TJK, 2020, 7960.0 
 THA, 2020, 435956.0 
 GBR, 2020,  
 TLS, 2020, 626.0 
 TGO, 2020, 80151.0 
 TON, 2020,  
 TTO, 2020, 7268.0 
 TUN, 2020, 1446.0 
 TUR, 2020,  
 TKM, 2020, 0.0 
 TUV, 2020,  
 UGA, 2020, 1133306.0 
 UKR, 2020, 146488.0 
 ARE, 2020,  
 TZA, 2020, 1422782.0 
 USA, 2020,  
 URY, 2020, 8899.0 
 UZB, 2020, 31021.0 
 VUT, 2020,  
 VEN, 2020, 56038.0 
 VNM, 2020, 169000.0 
 YEM, 2020, 2927.0 
 ZMB, 2020, 1179031.0 
 ZWE, 2020, 1188470.0 
 AFG, 2019, 1044.0 
 ALB, 2019, 611.0 
 DZA, 2019, 14390.0 
 AND, 2019,  
 AGO, 2019, 93310.0 
 ATG, 2019,  
 ARG, 2019, 90222.0 
 ARM, 2019,  
 AUS, 2019, 23723.0 
 AUT, 2019,  
 AZE, 2019, 5086.0 
 BHS, 2019, 3029.0 
 BHR, 2019, 256.0 
 BGD, 2019, 3388.0 
 BRB, 2019, 1405.0 
 BLR, 2019, 17714.0 
 BEL, 2019,  
 BLZ, 2019, 1581.0 
 BEN, 2019, 48986.0 
 BTN, 2019, 466.0 
 BOL, 2019, 11639.0 
 BIH, 2019,  
 BWA, 2019, 313850.0 
 BRA, 2019, 620416.0 
 BRN, 2019, 186.0 
 BGR, 2019, 1658.0 
 BFA, 2019, 68729.0 
 BDI, 2019, 71743.0 
 CPV, 2019, 2368.0 
 KHM, 2019, 61371.0 
 CMR, 2019, 312441.0 
 CAN, 2019,  
 CAF, 2019, 47032.0 
 TCD, 2019, 69178.0 
 CHL, 2019, 50270.0 
 CHN, 2019, 863189.0 
 COL, 2019, 91615.0 
 COM, 2019, 77.0 
 COG, 2019, 26030.0 
 COK, 2019,  
 CRI, 2019, 9058.0 
 CIV, 2019, 269137.0 
 HRV, 2019, 1268.0 
 CUB, 2019, 24514.0 
 CYP, 2019, 969.0 
 CZE, 2019,  
 PRK, 2019,  
 COD, 2019, 321222.0 
 DNK, 2019, 5733.0 
 DJI, 2019, 1928.0 
 DMA, 2019,  
 DOM, 2019, 34839.0 
 ECU, 2019, 30812.0 
 EGY, 2019, 8364.0 
 SLV, 2019, 13321.0 
 GNQ, 2019, 22900.0 
 ERI, 2019, 8835.0 
 EST, 2019,  
 SWZ, 2019, 191782.0 
 ETH, 2019, 468848.0 
 FJI, 2019, 434.0 
 FIN, 2019,  
 FRA, 2019, 151646.0 
 GAB, 2019, 23750.0 
 GMB, 2019, 8229.0 
 GEO, 2019, 5098.0 
 DEU, 2019,  
 GHA, 2019, 153901.0 
 GRC, 2019, 10640.0 
 GRD, 2019,  
 GTM, 2019, 20926.0 
 GIN, 2019, 59189.0 
 GNB, 2019, 16734.0 
 GUY, 2019, 5966.0 
 HTI, 2019, 110001.0 
 HND, 2019, 11849.0 
 HUN, 2019,  
 ISL, 2019, 270.0 
 IND, 2019, 1486619.0 
 IDN, 2019, 127613.0 
 IRN, 2019, 15051.0 
 IRQ, 2019,  
 IRL, 2019, 6322.0 
 ISR, 2019,  
 ITA, 2019, 123558.0 
 JAM, 2019, 14155.0 
 JPN, 2019, 25621.0 
 JOR, 2019,  
 KAZ, 2019, 17535.0 
 KEN, 2019, 1107574.0 
 KIR, 2019,  
 KWT, 2019,  
 KGZ, 2019, 4058.0 
 LAO, 2019, 7300.0 
 LVA, 2019, 2931.0 
 LBN, 2019, 1717.0 
 LSO, 2019, 220828.0 
 LBR, 2019, 15423.0 
 LBY, 2019, 3399.0 
 LTU, 2019, 1223.0 
 LUX, 2019, 931.0 
 MDG, 2019, 5166.0 
 MWI, 2019, 832908.0 
 MYS, 2019, 40077.0 
 MDV, 2019, 11.0 
 MLI, 2019, 45867.0 
 MLT, 2019,  
 MHL, 2019,  
 MRT, 2019, 3273.0 
 MUS, 2019, 2837.0 
 MEX, 2019, 174176.0 
 FSM, 2019,  
 MCO, 2019,  
 MNG, 2019, 198.0 
 MNE, 2019, 181.0 
 MAR, 2019, 15049.0 
 MOZ, 2019, 1338100.0 
 MMR, 2019, 184624.0 
 NAM, 2019, 177175.0 
 NRU, 2019,  
 NPL, 2019, 18628.0 
 NLD, 2019, 20696.0 
 NZL, 2019, 2742.0 
 NIC, 2019, 5696.0 
 NER, 2019, 20427.0 
 NGA, 2019, 1148928.0 
 NIU, 2019,  
 MKD, 2019,  
 NOR, 2019, 4042.0 
 OMN, 2019, 1494.0 
 PAK, 2019, 22947.0 
 PLW, 2019,  
 PAN, 2019,  
 PNG, 2019, 32018.0 
 PRY, 2019, 9480.0 
 PER, 2019, 67667.0 
 PHL, 2019, 41574.0 
 POL, 2019,  
 PRT, 2019,  
 QAT, 2019, 117.0 
 KOR, 2019,  
 MDA, 2019, 6690.0 
 ROU, 2019, 12832.0 
 RUS, 2019, 499913.0 
 RWA, 2019, 198657.0 
 KNA, 2019,  
 LCA, 2019,  
 VCT, 2019,  
 WSM, 2019,  
 SMR, 2019,  
 STP, 2019,  
 SAU, 2019,  
 SEN, 2019, 28960.0 
 SRB, 2019, 2097.0 
 SYC, 2019,  
 SLE, 2019, 33274.0 
 SGP, 2019, 6052.0 
 SVK, 2019,  
 SVN, 2019, 650.0 
 SLB, 2019,  
 SOM, 2019, 3471.0 
 ZAF, 2019, 5301940.0 
 SSD, 2019, 35149.0 
 ESP, 2019, 128309.0 
 LKA, 2019, 1846.0 
 SDN, 2019, 10449.0 
 SUR, 2019,  
 SWE, 2019,  
 CHE, 2019, 15009.0 
 SYR, 2019, 252.0 
 TJK, 2019, 7055.0 
 THA, 2019, 417862.0 
 GBR, 2019, 97146.0 
 TLS, 2019, 524.0 
 TGO, 2019, 75153.0 
 TON, 2019,  
 TTO, 2019, 7834.0 
 TUN, 2019, 1287.0 
 TUR, 2019,  
 TKM, 2019, 0.0 
 TUV, 2019,  
 UGA, 2019, 1095714.0 
 UKR, 2019, 136105.0 
 ARE, 2019,  
 TZA, 2019, 1277012.0 
 USA, 2019,  
 URY, 2019, 8670.0 
 UZB, 2019, 26825.0 
 VUT, 2019,  
 VEN, 2019, 44912.0 
 VNM, 2019, 159461.0 
 YEM, 2019, 2672.0 
 ZMB, 2019, 1080135.0 
 ZWE, 2019, 1148310.0 
 AFG, 2018, 924.0 
 ALB, 2018, 581.0 
 DZA, 2018, 12759.0 
 AND, 2018,  
 AGO, 2018, 88734.0 
 ATG, 2018,  
 ARG, 2018, 85109.0 
 ARM, 2018,  
 AUS, 2018, 22785.0 
 AUT, 2018,  
 AZE, 2018, 4374.0 
 BHS, 2018, 3107.0 
 BHR, 2018, 146.0 
 BGD, 2018, 3045.0 
 BRB, 2018, 1323.0 
 BLR, 2018, 15524.0 
 BEL, 2018,  
 BLZ, 2018, 1524.0 
 BEN, 2018, 44232.0 
 BTN, 2018, 395.0 
 BOL, 2018, 9895.0 
 BIH, 2018,  
 BWA, 2018, 307377.0 
 BRA, 2018, 587489.0 
 BRN, 2018,  
 BGR, 2018, 1457.0 
 BFA, 2018, 60038.0 
 BDI, 2018, 65483.0 
 CPV, 2018, 2153.0 
 KHM, 2018, 59209.0 
 CMR, 2018, 281083.0 
 CAN, 2018,  
 CAF, 2018, 39641.0 
 TCD, 2018, 61411.0 
 CHL, 2018, 45103.0 
 CHN, 2018, 718499.0 
 COL, 2018, 78331.0 
 COM, 2018, 60.0 
 COG, 2018, 25251.0 
 COK, 2018,  
 CRI, 2018, 8065.0 
 CIV, 2018, 252125.0 
 HRV, 2018, 1188.0 
 CUB, 2018, 21946.0 
 CYP, 2018, 837.0 
 CZE, 2018,  
 PRK, 2018,  
 COD, 2018, 256486.0 
 DNK, 2018, 5657.0 
 DJI, 2018, 2680.0 
 DMA, 2018,  
 DOM, 2018, 32265.0 
 ECU, 2018, 25148.0 
 EGY, 2018, 6693.0 
 SLV, 2018, 11862.0 
 GNQ, 2018, 21368.0 
 ERI, 2018, 8907.0 
 EST, 2018,  
 SWZ, 2018, 177156.0 
 ETH, 2018, 450030.0 
 FJI, 2018, 352.0 
 FIN, 2018,  
 FRA, 2018, 147836.0 
 GAB, 2018, 23223.0 
 GMB, 2018, 7541.0 
 GEO, 2018, 4597.0 
 DEU, 2018,  
 GHA, 2018, 113171.0 
 GRC, 2018, 10028.0 
 GRD, 2018,  
 GTM, 2018, 19723.0 
 GIN, 2018, 48574.0 
 GNB, 2018, 14921.0 
 GUY, 2018, 5557.0 
 HTI, 2018, 91498.0 
 HND, 2018, 11667.0 
 HUN, 2018,  
 ISL, 2018, 253.0 
 IND, 2018, 1312102.0 
 IDN, 2018, 108479.0 
 IRN, 2018, 13412.0 
 IRQ, 2018,  
 IRL, 2018, 5724.0 
 ISR, 2018,  
 ITA, 2018, 116176.0 
 JAM, 2018, 12669.0 
 JPN, 2018, 24948.0 
 JOR, 2018,  
 KAZ, 2018, 14950.0 
 KEN, 2018, 1092113.0 
 KIR, 2018,  
 KWT, 2018,  
 KGZ, 2018, 3710.0 
 LAO, 2018, 6484.0 
 LVA, 2018, 2521.0 
 LBN, 2018, 1504.0 
 LSO, 2018, 206226.0 
 LBR, 2018, 13880.0 
 LBY, 2018, 4067.0 
 LTU, 2018, 1084.0 
 LUX, 2018, 876.0 
 MDG, 2018, 3510.0 
 MWI, 2018, 814275.0 
 MYS, 2018, 37569.0 
 MDV, 2018, 11.0 
 MLI, 2018, 47055.0 
 MLT, 2018,  
 MHL, 2018,  
 MRT, 2018, 3032.0 
 MUS, 2018, 2756.0 
 MEX, 2018, 164518.0 
 FSM, 2018,  
 MCO, 2018,  
 MNG, 2018, 195.0 
 MNE, 2018, 161.0 
 MAR, 2018, 13641.0 
 MOZ, 2018, 1212562.0 
 MMR, 2018, 166969.0 
 NAM, 2018, 160473.0 
 NRU, 2018,  
 NPL, 2018, 16914.0 
 NLD, 2018, 20129.0 
 NZL, 2018, 2661.0 
 NIC, 2018, 5113.0 
 NER, 2018, 19793.0 
 NGA, 2018, 1002587.0 
 NIU, 2018,  
 MKD, 2018,  
 NOR, 2018, 3910.0 
 OMN, 2018, 1317.0 
 PAK, 2018, 15821.0 
 PLW, 2018,  
 PAN, 2018,  
 PNG, 2018, 29420.0 
 PRY, 2018, 8549.0 
 PER, 2018, 57801.0 
 PHL, 2018, 33241.0 
 POL, 2018,  
 PRT, 2018,  
 QAT, 2018, 107.0 
 KOR, 2018,  
 MDA, 2018, 5961.0 
 ROU, 2018, 12088.0 
 RUS, 2018, 438399.0 
 RWA, 2018, 192458.0 
 KNA, 2018,  
 LCA, 2018,  
 VCT, 2018,  
 WSM, 2018,  
 SMR, 2018,  
 STP, 2018,  
 SAU, 2018,  
 SEN, 2018, 26606.0 
 SRB, 2018, 1980.0 
 SYC, 2018,  
 SLE, 2018, 28415.0 
 SGP, 2018, 5678.0 
 SVK, 2018, 650.0 
 SVN, 2018, 632.0 
 SLB, 2018,  
 SOM, 2018, 3230.0 
 ZAF, 2018, 5000813.0 
 SSD, 2018, 30727.0 
 ESP, 2018, 125798.0 
 LKA, 2018, 1574.0 
 SDN, 2018, 8803.0 
 SUR, 2018, 2868.0 
 SWE, 2018,  
 CHE, 2018, 14809.0 
 SYR, 2018, 193.0 
 TJK, 2018, 5995.0 
 THA, 2018, 401233.0 
 GBR, 2018, 93647.0 
 TLS, 2018, 387.0 
 TGO, 2018, 65213.0 
 TON, 2018,  
 TTO, 2018, 7312.0 
 TUN, 2018, 1084.0 
 TUR, 2018,  
 TKM, 2018, 0.0 
 TUV, 2018,  
 UGA, 2018, 1035987.0 
 UKR, 2018, 122531.0 
 ARE, 2018,  
 TZA, 2018, 1108728.0 
 USA, 2018,  
 URY, 2018, 8178.0 
 UZB, 2018, 26733.0 
 VUT, 2018,  
 VEN, 2018, 28354.0 
 VNM, 2018, 149949.0 
 YEM, 2018, 2326.0 
 ZMB, 2018, 969493.0 
 ZWE, 2018, 1084413.0 
 AFG, 2017, 847.0 
 ALB, 2017, 568.0 
 DZA, 2017, 11044.0 
 AND, 2017,  
 AGO, 2017, 78721.0 
 ATG, 2017,  
 ARG, 2017, 80508.0 
 ARM, 2017,  
 AUS, 2017, 22021.0 
 AUT, 2017,  
 AZE, 2017, 3658.0 
 BHS, 2017, 2969.0 
 BHR, 2017, 137.0 
 BGD, 2017, 2470.0 
 BRB, 2017, 1271.0 
 BLR, 2017, 11242.0 
 BEL, 2017,  
 BLZ, 2017, 1417.0 
 BEN, 2017, 38360.0 
 BTN, 2017, 329.0 
 BOL, 2017, 7556.0 
 BIH, 2017,  
 BWA, 2017, 285983.0 
 BRA, 2017, 556192.0 
 BRN, 2017,  
 BGR, 2017, 1204.0 
 BFA, 2017, 64076.0 
 BDI, 2017, 60115.0 
 CPV, 2017, 1809.0 
 KHM, 2017, 56668.0 
 CMR, 2017, 253715.0 
 CAN, 2017,  
 CAF, 2017, 36703.0 
 TCD, 2017, 51868.0 
 CHL, 2017, 39088.0 
 CHN, 2017, 609829.0 
 COL, 2017, 75745.0 
 COM, 2017, 50.0 
 COG, 2017, 23595.0 
 COK, 2017,  
 CRI, 2017, 6960.0 
 CIV, 2017, 230463.0 
 HRV, 2017, 1127.0 
 CUB, 2017, 19466.0 
 CYP, 2017, 741.0 
 CZE, 2017,  
 PRK, 2017,  
 COD, 2017, 213995.0 
 DNK, 2017, 5447.0 
 DJI, 2017, 2454.0 
 DMA, 2017,  
 DOM, 2017, 29708.0 
 ECU, 2017, 21526.0 
 EGY, 2017, 4753.0 
 SLV, 2017, 11780.0 
 GNQ, 2017, 20563.0 
 ERI, 2017, 8795.0 
 EST, 2017,  
 SWZ, 2017, 174103.0 
 ETH, 2017, 437532.0 
 FJI, 2017, 274.0 
 FIN, 2017,  
 FRA, 2017, 142261.0 
 GAB, 2017, 22716.0 
 GMB, 2017, 6773.0 
 GEO, 2017, 4144.0 
 DEU, 2017,  
 GHA, 2017, 102684.0 
 GRC, 2017, 9220.0 
 GRD, 2017,  
 GTM, 2017, 17872.0 
 GIN, 2017, 41508.0 
 GNB, 2017, 11985.0 
 GUY, 2017, 5237.0 
 HTI, 2017, 94381.0 
 HND, 2017, 11506.0 
 HUN, 2017,  
 ISL, 2017, 226.0 
 IND, 2017, 1128845.0 
 IDN, 2017, 91369.0 
 IRN, 2017, 11279.0 
 IRQ, 2017,  
 IRL, 2017, 5251.0 
 ISR, 2017,  
 ITA, 2017, 108784.0 
 JAM, 2017, 11887.0 
 JPN, 2017, 24100.0 
 JOR, 2017,  
 KAZ, 2017, 11275.0 
 KEN, 2017, 1112750.0 
 KIR, 2017,  
 KWT, 2017,  
 KGZ, 2017, 3205.0 
 LAO, 2017, 5631.0 
 LVA, 2017, 2147.0 
 LBN, 2017, 1320.0 
 LSO, 2017, 201509.0 
 LBR, 2017, 11602.0 
 LBY, 2017, 3537.0 
 LTU, 2017, 781.0 
 LUX, 2017, 829.0 
 MDG, 2017, 2321.0 
 MWI, 2017, 750631.0 
 MYS, 2017, 35409.0 
 MDV, 2017, 17.0 
 MLI, 2017, 42078.0 
 MLT, 2017,  
 MHL, 2017,  
 MRT, 2017, 3021.0 
 MUS, 2017, 2690.0 
 MEX, 2017, 141270.0 
 FSM, 2017,  
 MCO, 2017,  
 MNG, 2017, 181.0 
 MNE, 2017, 140.0 
 MAR, 2017, 11635.0 
 MOZ, 2017, 1085027.0 
 MMR, 2017, 146826.0 
 NAM, 2017, 150850.0 
 NRU, 2017,  
 NPL, 2017, 15260.0 
 NLD, 2017, 19530.0 
 NZL, 2017, 2491.0 
 NIC, 2017, 4320.0 
 NER, 2017, 18425.0 
 NGA, 2017, 953613.0 
 NIU, 2017,  
 MKD, 2017,  
 NOR, 2017, 3788.0 
 OMN, 2017, 1190.0 
 PAK, 2017, 12046.0 
 PLW, 2017,  
 PAN, 2017,  
 PNG, 2017, 26393.0 
 PRY, 2017, 7833.0 
 PER, 2017, 49005.0 
 PHL, 2017, 24486.0 
 POL, 2017,  
 PRT, 2017, 35807.0 
 QAT, 2017, 96.0 
 KOR, 2017,  
 MDA, 2017, 5162.0 
 ROU, 2017, 11570.0 
 RUS, 2017, 354932.0 
 RWA, 2017, 185462.0 
 KNA, 2017,  
 LCA, 2017,  
 VCT, 2017,  
 WSM, 2017,  
 SMR, 2017,  
 STP, 2017,  
 SAU, 2017,  
 SEN, 2017, 23204.0 
 SRB, 2017, 1752.0 
 SYC, 2017,  
 SLE, 2017, 23693.0 
 SGP, 2017, 5423.0 
 SVK, 2017, 644.0 
 SVN, 2017, 593.0 
 SLB, 2017,  
 SOM, 2017, 2997.0 
 ZAF, 2017, 4628079.0 
 SSD, 2017, 23998.0 
 ESP, 2017, 122286.0 
 LKA, 2017, 1297.0 
 SDN, 2017, 7634.0 
 SUR, 2017, 2691.0 
 SWE, 2017,  
 CHE, 2017, 14409.0 
 SYR, 2017, 145.0 
 TJK, 2017, 4891.0 
 THA, 2017, 387181.0 
 GBR, 2017, 91808.0 
 TLS, 2017, 287.0 
 TGO, 2017, 59752.0 
 TON, 2017,  
 TTO, 2017, 6693.0 
 TUN, 2017, 920.0 
 TUR, 2017,  
 TKM, 2017, 0.0 
 TUV, 2017,  
 UGA, 2017, 950037.0 
 UKR, 2017, 104961.0 
 ARE, 2017,  
 TZA, 2017, 970362.0 
 USA, 2017,  
 URY, 2017, 7099.0 
 UZB, 2017, 21654.0 
 VUT, 2017,  
 VEN, 2017, 41007.0 
 VNM, 2017, 139912.0 
 YEM, 2017, 2031.0 
 ZMB, 2017, 850017.0 
 ZWE, 2017, 1046281.0 
 AFG, 2016, 554.0 
 ALB, 2016, 513.0 
 DZA, 2016, 9551.0 
 AND, 2016,  
 AGO, 2016, 69841.0 
 ATG, 2016,  
 ARG, 2016, 75907.0 
 ARM, 2016,  
 AUS, 2016, 21146.0 
 AUT, 2016,  
 AZE, 2016, 2885.0 
 BHS, 2016, 2280.0 
 BHR, 2016, 118.0 
 BGD, 2016, 1817.0 
 BRB, 2016, 1196.0 
 BLR, 2016, 8564.0 
 BEL, 2016,  
 BLZ, 2016, 1391.0 
 BEN, 2016, 38111.0 
 BTN, 2016, 243.0 
 BOL, 2016, 6429.0 
 BIH, 2016,  
 BWA, 2016, 273054.0 
 BRA, 2016, 526498.0 
 BRN, 2016,  
 BGR, 2016, 980.0 
 BFA, 2016, 57177.0 
 BDI, 2016, 51917.0 
 CPV, 2016, 1616.0 
 KHM, 2016, 54653.0 
 CMR, 2016, 205382.0 
 CAN, 2016,  
 CAF, 2016, 31593.0 
 TCD, 2016, 48221.0 
 CHL, 2016, 32738.0 
 CHN, 2016, 494657.0 
 COL, 2016, 66851.0 
 COM, 2016, 44.0 
 COG, 2016, 22083.0 
 COK, 2016,  
 CRI, 2016, 6183.0 
 CIV, 2016, 189964.0 
 HRV, 2016, 1031.0 
 CUB, 2016, 17242.0 
 CYP, 2016, 657.0 
 CZE, 2016,  
 PRK, 2016,  
 COD, 2016, 157072.0 
 DNK, 2016, 5207.0 
 DJI, 2016, 2229.0 
 DMA, 2016,  
 DOM, 2016, 27357.0 
 ECU, 2016, 18275.0 
 EGY, 2016, 3168.0 
 SLV, 2016, 11536.0 
 GNQ, 2016, 14881.0 
 ERI, 2016, 8712.0 
 EST, 2016,  
 SWZ, 2016, 155177.0 
 ETH, 2016, 420642.0 
 FJI, 2016, 222.0 
 FIN, 2016,  
 FRA, 2016, 133650.0 
 GAB, 2016, 22210.0 
 GMB, 2016, 6081.0 
 GEO, 2016, 3638.0 
 DEU, 2016,  
 GHA, 2016, 92335.0 
 GRC, 2016, 8667.0 
 GRD, 2016,  
 GTM, 2016, 16641.0 
 GIN, 2016, 37321.0 
 GNB, 2016, 11860.0 
 GUY, 2016, 4905.0 
 HTI, 2016, 83216.0 
 HND, 2016, 10848.0 
 HUN, 2016,  
 ISL, 2016, 199.0 
 IND, 2016, 1050370.0 
 IDN, 2016, 77748.0 
 IRN, 2016, 8982.0 
 IRQ, 2016,  
 IRL, 2016, 4891.0 
 ISR, 2016,  
 ITA, 2016, 99985.0 
 JAM, 2016, 10940.0 
 JPN, 2016, 23055.0 
 JOR, 2016,  
 KAZ, 2016, 8003.0 
 KEN, 2016, 1018905.0 
 KIR, 2016,  
 KWT, 2016,  
 KGZ, 2016, 2639.0 
 LAO, 2016, 4646.0 
 LVA, 2016, 1719.0 
 LBN, 2016, 1130.0 
 LSO, 2016, 181169.0 
 LBR, 2016, 8076.0 
 LBY, 2016, 3324.0 
 LTU, 2016, 652.0 
 LUX, 2016, 762.0 
 MDG, 2016, 1706.0 
 MWI, 2016, 679062.0 
 MYS, 2016, 32540.0 
 MDV, 2016, 11.0 
 MLI, 2016, 37902.0 
 MLT, 2016,  
 MHL, 2016,  
 MRT, 2016, 2615.0 
 MUS, 2016, 2516.0 
 MEX, 2016, 131879.0 
 FSM, 2016,  
 MCO, 2016,  
 MNG, 2016, 156.0 
 MNE, 2016, 115.0 
 MAR, 2016, 10645.0 
 MOZ, 2016, 930216.0 
 MMR, 2016, 127402.0 
 NAM, 2016, 131898.0 
 NRU, 2016,  
 NPL, 2016, 13069.0 
 NLD, 2016, 18802.0 
 NZL, 2016, 2294.0 
 NIC, 2016, 3841.0 
 NER, 2016, 15265.0 
 NGA, 2016, 893187.0 
 NIU, 2016,  
 MKD, 2016,  
 NOR, 2016, 3668.0 
 OMN, 2016, 1054.0 
 PAK, 2016, 8888.0 
 PLW, 2016,  
 PAN, 2016,  
 PNG, 2016, 23875.0 
 PRY, 2016, 6496.0 
 PER, 2016, 43638.0 
 PHL, 2016, 17681.0 
 POL, 2016,  
 PRT, 2016, 31340.0 
 QAT, 2016, 86.0 
 KOR, 2016,  
 MDA, 2016, 4491.0 
 ROU, 2016, 10942.0 
 RUS, 2016, 293820.0 
 RWA, 2016, 178284.0 
 KNA, 2016,  
 LCA, 2016,  
 VCT, 2016,  
 WSM, 2016,  
 SMR, 2016,  
 STP, 2016,  
 SAU, 2016,  
 SEN, 2016, 21157.0 
 SRB, 2016, 1570.0 
 SYC, 2016,  
 SLE, 2016, 17843.0 
 SGP, 2016, 4935.0 
 SVK, 2016, 461.0 
 SVN, 2016, 533.0 
 SLB, 2016,  
 SOM, 2016, 2660.0 
 ZAF, 2016, 4146401.0 
 SSD, 2016, 19394.0 
 ESP, 2016, 118036.0 
 LKA, 2016, 1068.0 
 SDN, 2016, 5768.0 
 SUR, 2016, 2562.0 
 SWE, 2016,  
 CHE, 2016, 13309.0 
 SYR, 2016, 113.0 
 TJK, 2016, 3890.0 
 THA, 2016, 365256.0 
 GBR, 2016, 88040.0 
 TLS, 2016, 249.0 
 TGO, 2016, 51320.0 
 TON, 2016,  
 TTO, 2016, 6700.0 
 TUN, 2016, 866.0 
 TUR, 2016,  
 TKM, 2016, 0.0 
 TUV, 2016,  
 UGA, 2016, 819209.0 
 UKR, 2016, 91068.0 
 ARE, 2016,  
 TZA, 2016, 851057.0 
 USA, 2016,  
 URY, 2016, 6442.0 
 UZB, 2016, 16978.0 
 VUT, 2016,  
 VEN, 2016, 53278.0 
 VNM, 2016, 124410.0 
 YEM, 2016, 1750.0 
 ZMB, 2016, 798723.0 
 ZWE, 2016, 919162.0 
 AFG, 2015, 350.0 
 ALB, 2015, 439.0 
 DZA, 2015, 7718.0 
 AND, 2015,  
 AGO, 2015, 71541.0 
 ATG, 2015,  
 ARG, 2015, 71306.0 
 ARM, 2015,  
 AUS, 2015, 20067.0 
 AUT, 2015,  
 AZE, 2015, 2374.0 
 BHS, 2015, 2319.0 
 BHR, 2015, 112.0 
 BGD, 2015, 1483.0 
 BRB, 2015, 1139.0 
 BLR, 2015, 7392.0 
 BEL, 2015,  
 BLZ, 2015, 1290.0 
 BEN, 2015, 33602.0 
 BTN, 2015, 184.0 
 BOL, 2015, 5274.0 
 BIH, 2015,  
 BWA, 2015, 255119.0 
 BRA, 2015, 490300.0 
 BRN, 2015,  
 BGR, 2015, 829.0 
 BFA, 2015, 52248.0 
 BDI, 2015, 42169.0 
 CPV, 2015, 1355.0 
 KHM, 2015, 52454.0 
 CMR, 2015, 168249.0 
 CAN, 2015,  
 CAF, 2015, 27493.0 
 TCD, 2015, 45103.0 
 CHL, 2015, 28081.0 
 CHN, 2015, 386139.0 
 COL, 2015, 55329.0 
 COM, 2015, 40.0 
 COG, 2015, 20682.0 
 COK, 2015,  
 CRI, 2015, 5623.0 
 CIV, 2015, 158002.0 
 HRV, 2015, 928.0 
 CUB, 2015, 15241.0 
 CYP, 2015, 568.0 
 CZE, 2015,  
 PRK, 2015,  
 COD, 2015, 121762.0 
 DNK, 2015, 4947.0 
 DJI, 2015, 1945.0 
 DMA, 2015,  
 DOM, 2015, 25235.0 
 ECU, 2015, 15491.0 
 EGY, 2015, 2220.0 
 SLV, 2015, 10803.0 
 GNQ, 2015, 10830.0 
 ERI, 2015, 8431.0 
 EST, 2015,  
 SWZ, 2015, 133958.0 
 ETH, 2015, 384528.0 
 FJI, 2015, 202.0 
 FIN, 2015,  
 FRA, 2015, 130221.0 
 GAB, 2015, 21704.0 
 GMB, 2015, 5022.0 
 GEO, 2015, 3044.0 
 DEU, 2015,  
 GHA, 2015, 81987.0 
 GRC, 2015, 7822.0 
 GRD, 2015,  
 GTM, 2015, 16370.0 
 GIN, 2015, 34774.0 
 GNB, 2015, 9480.0 
 GUY, 2015, 4538.0 
 HTI, 2015, 68814.0 
 HND, 2015, 10457.0 
 HUN, 2015,  
 ISL, 2015, 188.0 
 IND, 2015, 938557.0 
 IDN, 2015, 63199.0 
 IRN, 2015, 7015.0 
 IRQ, 2015,  
 IRL, 2015, 4537.0 
 ISR, 2015,  
 ITA, 2015, 95939.0 
 JAM, 2015, 10055.0 
 JPN, 2015, 21794.0 
 JOR, 2015,  
 KAZ, 2015, 6286.0 
 KEN, 2015, 897644.0 
 KIR, 2015,  
 KWT, 2015,  
 KGZ, 2015, 2076.0 
 LAO, 2015, 3879.0 
 LVA, 2015, 919.0 
 LBN, 2015, 954.0 
 LSO, 2015, 153459.0 
 LBR, 2015, 7391.0 
 LBY, 2015, 3046.0 
 LTU, 2015, 569.0 
 LUX, 2015, 697.0 
 MDG, 2015, 1234.0 
 MWI, 2015, 595634.0 
 MYS, 2015, 23232.0 
 MDV, 2015, 9.0 
 MLI, 2015, 34974.0 
 MLT, 2015,  
 MHL, 2015,  
 MRT, 2015, 2458.0 
 MUS, 2015, 2521.0 
 MEX, 2015, 117557.0 
 FSM, 2015,  
 MCO, 2015,  
 MNG, 2015, 147.0 
 MNE, 2015, 92.0 
 MAR, 2015, 8926.0 
 MOZ, 2015, 754682.0 
 MMR, 2015, 106320.0 
 NAM, 2015, 130272.0 
 NRU, 2015,  
 NPL, 2015, 11922.0 
 NLD, 2015, 18083.0 
 NZL, 2015, 2082.0 
 NIC, 2015, 3350.0 
 NER, 2015, 12887.0 
 NGA, 2015, 787541.0 
 NIU, 2015,  
 MKD, 2015,  
 NOR, 2015, 3547.0 
 OMN, 2015, 919.0 
 PAK, 2015, 6564.0 
 PLW, 2015,  
 PAN, 2015,  
 PNG, 2015, 21198.0 
 PRY, 2015, 5499.0 
 PER, 2015, 37201.0 
 PHL, 2015, 12077.0 
 POL, 2015,  
 PRT, 2015, 29786.0 
 QAT, 2015, 75.0 
 KOR, 2015,  
 MDA, 2015, 3850.0 
 ROU, 2015, 10551.0 
 RUS, 2015, 216108.0 
 RWA, 2015, 159315.0 
 KNA, 2015,  
 LCA, 2015,  
 VCT, 2015,  
 WSM, 2015,  
 SMR, 2015,  
 STP, 2015,  
 SAU, 2015,  
 SEN, 2015, 18375.0 
 SRB, 2015, 1400.0 
 SYC, 2015,  
 SLE, 2015, 14196.0 
 SGP, 2015, 4584.0 
 SVK, 2015, 398.0 
 SVN, 2015, 461.0 
 SLB, 2015,  
 SOM, 2015, 2310.0 
 ZAF, 2015, 3649717.0 
 SSD, 2015, 18573.0 
 ESP, 2015, 107151.0 
 LKA, 2015, 803.0 
 SDN, 2015, 4388.0 
 SUR, 2015, 2302.0 
 SWE, 2015,  
 CHE, 2015, 12309.0 
 SYR, 2015, 100.0 
 TJK, 2015, 2887.0 
 THA, 2015, 337607.0 
 GBR, 2015, 83999.0 
 TLS, 2015, 201.0 
 TGO, 2015, 43603.0 
 TON, 2015,  
 TTO, 2015, 6720.0 
 TUN, 2015, 734.0 
 TUR, 2015,  
 TKM, 2015, 0.0 
 TUV, 2015,  
 UGA, 2015, 713406.0 
 UKR, 2015, 66113.0 
 ARE, 2015,  
 TZA, 2015, 744072.0 
 USA, 2015,  
 URY, 2015, 6116.0 
 UZB, 2015, 13100.0 
 VUT, 2015,  
 VEN, 2015, 58303.0 
 VNM, 2015, 111482.0 
 YEM, 2015, 1397.0 
 ZMB, 2015, 758646.0 
 ZWE, 2015, 835473.0 
 AFG, 2014, 281.0 
 ALB, 2014, 372.0 
 DZA, 2014, 6020.0 
 AND, 2014,  
 AGO, 2014, 63028.0 
 ATG, 2014,  
 ARG, 2014, 66705.0 
 ARM, 2014,  
 AUS, 2014, 18671.0 
 AUT, 2014,  
 AZE, 2014, 1834.0 
 BHS, 2014, 2361.0 
 BHR, 2014, 95.0 
 BGD, 2014, 1287.0 
 BRB, 2014, 1105.0 
 BLR, 2014, 5918.0 
 BEL, 2014,  
 BLZ, 2014, 1179.0 
 BEN, 2014, 28850.0 
 BTN, 2014, 148.0 
 BOL, 2014, 3803.0 
 BIH, 2014,  
 BWA, 2014, 232292.0 
 BRA, 2014, 461749.0 
 BRN, 2014,  
 BGR, 2014, 721.0 
 BFA, 2014, 46623.0 
 BDI, 2014, 36888.0 
 CPV, 2014, 1211.0 
 KHM, 2014, 50435.0 
 CMR, 2014, 145038.0 
 CAN, 2014,  
 CAF, 2014, 24142.0 
 TCD, 2014, 41985.0 
 CHL, 2014, 25106.0 
 CHN, 2014, 299212.0 
 COL, 2014, 45841.0 
 COM, 2014, 30.0 
 COG, 2014, 19346.0 
 COK, 2014,  
 CRI, 2014, 4672.0 
 CIV, 2014, 140710.0 
 HRV, 2014, 807.0 
 CUB, 2014, 12597.0 
 CYP, 2014, 473.0 
 CZE, 2014,  
 PRK, 2014,  
 COD, 2014, 101324.0 
 DNK, 2014, 4666.0 
 DJI, 2014, 1593.0 
 DMA, 2014,  
 DOM, 2014, 23346.0 
 ECU, 2014, 12624.0 
 EGY, 2014, 1780.0 
 SLV, 2014, 10549.0 
 GNQ, 2014, 11361.0 
 ERI, 2014, 7862.0 
 EST, 2014,  
 SWZ, 2014, 113669.0 
 ETH, 2014, 361615.0 
 FJI, 2014, 195.0 
 FIN, 2014,  
 FRA, 2014, 124185.0 
 GAB, 2014, 21197.0 
 GMB, 2014, 4586.0 
 GEO, 2014, 2541.0 
 DEU, 2014,  
 GHA, 2014, 83712.0 
 GRC, 2014, 6983.0 
 GRD, 2014,  
 GTM, 2014, 16876.0 
 GIN, 2014, 32331.0 
 GNB, 2014, 8127.0 
 GUY, 2014, 4295.0 
 HTI, 2014, 62349.0 
 HND, 2014, 9926.0 
 HUN, 2014,  
 ISL, 2014, 178.0 
 IND, 2014, 847377.0 
 IDN, 2014, 50304.0 
 IRN, 2014, 5517.0 
 IRQ, 2014,  
 IRL, 2014, 4202.0 
 ISR, 2014,  
 ITA, 2014, 91894.0 
 JAM, 2014, 9464.0 
 JPN, 2014, 20308.0 
 JOR, 2014,  
 KAZ, 2014, 4641.0 
 KEN, 2014, 755226.0 
 KIR, 2014,  
 KWT, 2014,  
 KGZ, 2014, 1671.0 
 LAO, 2014, 3336.0 
 LVA, 2014, 831.0 
 LBN, 2014, 832.0 
 LSO, 2014, 132449.0 
 LBR, 2014, 6910.0 
 LBY, 2014, 2659.0 
 LTU, 2014, 353.0 
 LUX, 2014, 639.0 
 MDG, 2014, 773.0 
 MWI, 2014, 539239.0 
 MYS, 2014, 19567.0 
 MDV, 2014, 8.0 
 MLI, 2014, 31472.0 
 MLT, 2014,  
 MHL, 2014,  
 MRT, 2014, 2263.0 
 MUS, 2014, 2351.0 
 MEX, 2014, 97402.0 
 FSM, 2014,  
 MCO, 2014,  
 MNG, 2014, 126.0 
 MNE, 2014, 81.0 
 MAR, 2014, 7292.0 
 MOZ, 2014, 608876.0 
 MMR, 2014, 85361.0 
 NAM, 2014, 113832.0 
 NRU, 2014,  
 NPL, 2014, 10407.0 
 NLD, 2014, 17148.0 
 NZL, 2014, 1887.0 
 NIC, 2014, 2935.0 
 NER, 2014, 11286.0 
 NGA, 2014, 706784.0 
 NIU, 2014,  
 MKD, 2014,  
 NOR, 2014, 3400.0 
 OMN, 2014, 908.0 
 PAK, 2014, 5019.0 
 PLW, 2014,  
 PAN, 2014,  
 PNG, 2014, 18344.0 
 PRY, 2014, 4894.0 
 PER, 2014, 33106.0 
 PHL, 2014, 8082.0 
 POL, 2014,  
 PRT, 2014, 28232.0 
 QAT, 2014, 64.0 
 KOR, 2014,  
 MDA, 2014, 3116.0 
 ROU, 2014, 9637.0 
 RUS, 2014, 178049.0 
 RWA, 2014, 144316.0 
 KNA, 2014,  
 LCA, 2014,  
 VCT, 2014,  
 WSM, 2014,  
 SMR, 2014,  
 STP, 2014,  
 SAU, 2014,  
 SEN, 2014, 16346.0 
 SRB, 2014, 1272.0 
 SYC, 2014,  
 SLE, 2014, 10775.0 
 SGP, 2014, 4101.0 
 SVK, 2014, 312.0 
 SVN, 2014, 409.0 
 SLB, 2014,  
 SOM, 2014, 1916.0 
 ZAF, 2014, 3218156.0 
 SSD, 2014, 11333.0 
 ESP, 2014, 102283.0 
 LKA, 2014, 639.0 
 SDN, 2014, 3936.0 
 SUR, 2014, 2178.0 
 SWE, 2014,  
 CHE, 2014, 11808.0 
 SYR, 2014, 96.0 
 TJK, 2014, 1917.0 
 THA, 2014, 307642.0 
 GBR, 2014, 76867.0 
 TLS, 2014, 176.0 
 TGO, 2014, 37511.0 
 TON, 2014,  
 TTO, 2014, 6399.0 
 TUN, 2014, 651.0 
 TUR, 2014,  
 TKM, 2014, 0.0 
 TUV, 2014,  
 UGA, 2014, 645114.0 
 UKR, 2014, 66409.0 
 ARE, 2014,  
 TZA, 2014, 643682.0 
 USA, 2014,  
 URY, 2014, 5775.0 
 UZB, 2014, 6681.0 
 VUT, 2014,  
 VEN, 2014, 44600.0 
 VNM, 2014, 93505.0 
 YEM, 2014, 1220.0 
 ZMB, 2014, 653701.0 
 ZWE, 2014, 758664.0 
 AFG, 2013, 214.0 
 ALB, 2013, 333.0 
 DZA, 2013, 4642.0 
 AND, 2013,  
 AGO, 2013, 48413.0 
 ATG, 2013,  
 ARG, 2013, 62103.0 
 ARM, 2013,  
 AUS, 2013, 17009.0 
 AUT, 2013,  
 AZE, 2013, 1771.0 
 BHS, 2013, 1990.0 
 BHR, 2013, 83.0 
 BGD, 2013, 1083.0 
 BRB, 2013, 1077.0 
 BLR, 2013, 5181.0 
 BEL, 2013,  
 BLZ, 2013, 1106.0 
 BEN, 2013, 24811.0 
 BTN, 2013, 132.0 
 BOL, 2013, 2965.0 
 BIH, 2013,  
 BWA, 2013, 223506.0 
 BRA, 2013, 433741.0 
 BRN, 2013,  
 BGR, 2013, 637.0 
 BFA, 2013, 42126.0 
 BDI, 2013, 32801.0 
 CPV, 2013, 996.0 
 KHM, 2013, 48309.0 
 CMR, 2013, 131594.0 
 CAN, 2013,  
 CAF, 2013, 16568.0 
 TCD, 2013, 38873.0 
 CHL, 2013, 22706.0 
 CHN, 2013, 230826.0 
 COL, 2013, 37338.0 
 COM, 2013, 27.0 
 COG, 2013, 19563.0 
 COK, 2013,  
 CRI, 2013, 4314.0 
 CIV, 2013, 122959.0 
 HRV, 2013, 725.0 
 CUB, 2013, 10193.0 
 CYP, 2013, 393.0 
 CZE, 2013,  
 PRK, 2013,  
 COD, 2013, 79560.0 
 DNK, 2013, 4235.0 
 DJI, 2013, 1381.0 
 DMA, 2013,  
 DOM, 2013, 20780.0 
 ECU, 2013, 10873.0 
 EGY, 2013, 1224.0 
 SLV, 2013, 10140.0 
 GNQ, 2013, 10910.0 
 ERI, 2013, 7085.0 
 EST, 2013,  
 SWZ, 2013, 92343.0 
 ETH, 2013, 317403.0 
 FJI, 2013, 165.0 
 FIN, 2013,  
 FRA, 2013, 118989.0 
 GAB, 2013, 19735.0 
 GMB, 2013, 3997.0 
 GEO, 2013, 2092.0 
 DEU, 2013,  
 GHA, 2013, 75762.0 
 GRC, 2013, 6283.0 
 GRD, 2013,  
 GTM, 2013, 16398.0 
 GIN, 2013, 28248.0 
 GNB, 2013, 6913.0 
 GUY, 2013, 4054.0 
 HTI, 2013, 54748.0 
 HND, 2013, 9569.0 
 HUN, 2013,  
 ISL, 2013, 167.0 
 IND, 2013, 770437.0 
 IDN, 2013, 37798.0 
 IRN, 2013, 4266.0 
 IRQ, 2013,  
 IRL, 2013, 3867.0 
 ISR, 2013,  
 ITA, 2013, 87166.0 
 JAM, 2013, 8768.0 
 JPN, 2013, 18617.0 
 JOR, 2013,  
 KAZ, 2013, 3573.0 
 KEN, 2013, 656369.0 
 KIR, 2013,  
 KWT, 2013,  
 KGZ, 2013, 1116.0 
 LAO, 2013, 2787.0 
 LVA, 2013, 747.0 
 LBN, 2013, 709.0 
 LSO, 2013, 120872.0 
 LBR, 2013, 6429.0 
 LBY, 2013, 2346.0 
 LTU, 2013, 428.0 
 LUX, 2013, 564.0 
 MDG, 2013, 519.0 
 MWI, 2013, 472859.0 
 MYS, 2013, 15692.0 
 MDV, 2013, 5.0 
 MLI, 2013, 28725.0 
 MLT, 2013,  
 MHL, 2013,  
 MRT, 2013, 2143.0 
 MUS, 2013, 1818.0 
 MEX, 2013, 89413.0 
 FSM, 2013,  
 MCO, 2013,  
 MNG, 2013, 94.0 
 MNE, 2013, 67.0 
 MAR, 2013, 6282.0 
 MOZ, 2013, 469606.0 
 MMR, 2013, 67643.0 
 NAM, 2013, 114260.0 
 NRU, 2013,  
 NPL, 2013, 8866.0 
 NLD, 2013, 15996.0 
 NZL, 2013, 1737.0 
 NIC, 2013, 2458.0 
 NER, 2013, 12071.0 
 NGA, 2013, 622538.0 
 NIU, 2013,  
 MKD, 2013,  
 NOR, 2013, 3252.0 
 OMN, 2013, 847.0 
 PAK, 2013, 3412.0 
 PLW, 2013,  
 PAN, 2013,  
 PNG, 2013, 14790.0 
 PRY, 2013, 4227.0 
 PER, 2013, 28391.0 
 PHL, 2013, 5121.0 
 POL, 2013,  
 PRT, 2013, 26211.0 
 QAT, 2013, 53.0 
 KOR, 2013,  
 MDA, 2013, 2493.0 
 ROU, 2013, 8926.0 
 RUS, 2013, 141115.0 
 RWA, 2013, 129821.0 
 KNA, 2013,  
 LCA, 2013,  
 VCT, 2013,  
 WSM, 2013,  
 SMR, 2013,  
 STP, 2013,  
 SAU, 2013,  
 SEN, 2013, 13591.0 
 SRB, 2013, 1165.0 
 SYC, 2013,  
 SLE, 2013, 9173.0 
 SGP, 2013, 3506.0 
 SVK, 2013, 247.0 
 SVN, 2013, 357.0 
 SLB, 2013,  
 SOM, 2013, 1760.0 
 ZAF, 2013, 2811302.0 
 SSD, 2013, 7235.0 
 ESP, 2013, 99099.0 
 LKA, 2013, 516.0 
 SDN, 2013, 3308.0 
 SUR, 2013, 1940.0 
 SWE, 2013,  
 CHE, 2013, 11309.0 
 SYR, 2013, 88.0 
 TJK, 2013, 1222.0 
 THA, 2013, 287201.0 
 GBR, 2013, 72956.0 
 TLS, 2013, 140.0 
 TGO, 2013, 34491.0 
 TON, 2013,  
 TTO, 2013, 6134.0 
 TUN, 2013, 546.0 
 TUR, 2013,  
 TKM, 2013, 0.0 
 TUV, 2013,  
 UGA, 2013, 512428.0 
 UKR, 2013, 55784.0 
 ARE, 2013,  
 TZA, 2013, 515482.0 
 USA, 2013,  
 URY, 2013, 5317.0 
 UZB, 2013, 4154.0 
 VUT, 2013,  
 VEN, 2013, 44047.0 
 VNM, 2013, 84187.0 
 YEM, 2013, 901.0 
 ZMB, 2013, 559764.0 
 ZWE, 2013, 665199.0 
 AFG, 2012, 161.0 
 ALB, 2012, 237.0 
 DZA, 2012, 3396.0 
 AND, 2012,  
 AGO, 2012, 31736.0 
 ATG, 2012,  
 ARG, 2012, 57502.0 
 ARM, 2012,  
 AUS, 2012, 14335.0 
 AUT, 2012,  
 AZE, 2012, 1301.0 
 BHS, 2012, 1658.0 
 BHR, 2012, 75.0 
 BGD, 2012, 831.0 
 BRB, 2012, 1014.0 
 BLR, 2012, 4274.0 
 BEL, 2012,  
 BLZ, 2012, 971.0 
 BEN, 2012, 27888.0 
 BTN, 2012, 118.0 
 BOL, 2012, 2346.0 
 BIH, 2012,  
 BWA, 2012, 205036.0 
 BRA, 2012, 406208.0 
 BRN, 2012,  
 BGR, 2012, 542.0 
 BFA, 2012, 38652.0 
 BDI, 2012, 29121.0 
 CPV, 2012, 864.0 
 KHM, 2012, 46433.0 
 CMR, 2012, 122783.0 
 CAN, 2012,  
 CAF, 2012, 16632.0 
 TCD, 2012, 36526.0 
 CHL, 2012, 19071.0 
 CHN, 2012, 172740.0 
 COL, 2012, 31223.0 
 COM, 2012, 24.0 
 COG, 2012, 17234.0 
 COK, 2012,  
 CRI, 2012, 3955.0 
 CIV, 2012, 109925.0 
 HRV, 2012, 641.0 
 CUB, 2012, 8742.0 
 CYP, 2012, 314.0 
 CZE, 2012,  
 PRK, 2012,  
 COD, 2012, 66305.0 
 DNK, 2012, 4149.0 
 DJI, 2012, 1287.0 
 DMA, 2012,  
 DOM, 2012, 19261.0 
 ECU, 2012, 9396.0 
 EGY, 2012, 939.0 
 SLV, 2012, 9271.0 
 GNQ, 2012, 5927.0 
 ERI, 2012, 6356.0 
 EST, 2012,  
 SWZ, 2012, 79524.0 
 ETH, 2012, 288100.0 
 FJI, 2012, 160.0 
 FIN, 2012,  
 FRA, 2012, 114251.0 
 GAB, 2012, 15006.0 
 GMB, 2012, 3842.0 
 GEO, 2012, 1679.0 
 DEU, 2012,  
 GHA, 2012, 69870.0 
 GRC, 2012, 5547.0 
 GRD, 2012,  
 GTM, 2012, 15136.0 
 GIN, 2012, 27685.0 
 GNB, 2012, 6470.0 
 GUY, 2012, 3717.0 
 HTI, 2012, 43211.0 
 HND, 2012, 8970.0 
 HUN, 2012,  
 ISL, 2012, 157.0 
 IND, 2012, 628287.0 
 IDN, 2012, 31195.0 
 IRN, 2012, 3221.0 
 IRQ, 2012,  
 IRL, 2012, 3532.0 
 ISR, 2012,  
 ITA, 2012, 82439.0 
 JAM, 2012, 7495.0 
 JPN, 2012, 16760.0 
 JOR, 2012,  
 KAZ, 2012, 2631.0 
 KEN, 2012, 603997.0 
 KIR, 2012,  
 KWT, 2012,  
 KGZ, 2012, 662.0 
 LAO, 2012, 2375.0 
 LVA, 2012, 662.0 
 LBN, 2012, 603.0 
 LSO, 2012, 109090.0 
 LBR, 2012, 5478.0 
 LBY, 2012, 2148.0 
 LTU, 2012, 270.0 
 LUX, 2012, 527.0 
 MDG, 2012, 371.0 
 MWI, 2012, 404900.0 
 MYS, 2012, 13632.0 
 MDV, 2012, 3.0 
 MLI, 2012, 28751.0 
 MLT, 2012,  
 MHL, 2012,  
 MRT, 2012, 1830.0 
 MUS, 2012, 1537.0 
 MEX, 2012, 84122.0 
 FSM, 2012,  
 MCO, 2012,  
 MNG, 2012, 53.0 
 MNE, 2012, 55.0 
 MAR, 2012, 5106.0 
 MOZ, 2012, 308577.0 
 MMR, 2012, 53709.0 
 NAM, 2012, 105153.0 
 NRU, 2012,  
 NPL, 2012, 7719.0 
 NLD, 2012, 14819.0 
 NZL, 2012, 1616.0 
 NIC, 2012, 2190.0 
 NER, 2012, 11182.0 
 NGA, 2012, 512714.0 
 NIU, 2012,  
 MKD, 2012,  
 NOR, 2012, 3106.0 
 OMN, 2012, 737.0 
 PAK, 2012, 3134.0 
 PLW, 2012,  
 PAN, 2012,  
 PNG, 2012, 11764.0 
 PRY, 2012, 3578.0 
 PER, 2012, 27584.0 
 PHL, 2012, 3643.0 
 POL, 2012,  
 PRT, 2012, 24192.0 
 QAT, 2012, 42.0 
 KOR, 2012,  
 MDA, 2012, 2075.0 
 ROU, 2012, 8039.0 
 RUS, 2012, 114372.0 
 RWA, 2012, 116031.0 
 KNA, 2012,  
 LCA, 2012,  
 VCT, 2012,  
 WSM, 2012,  
 SMR, 2012,  
 STP, 2012,  
 SAU, 2012,  
 SEN, 2012, 11940.0 
 SRB, 2012, 1075.0 
 SYC, 2012,  
 SLE, 2012, 8261.0 
 SGP, 2012, 2987.0 
 SVK, 2012, 196.0 
 SVN, 2012, 305.0 
 SLB, 2012,  
 SOM, 2012, 1454.0 
 ZAF, 2012, 2373440.0 
 SSD, 2012, 4558.0 
 ESP, 2012, 95849.0 
 LKA, 2012, 387.0 
 SDN, 2012, 2575.0 
 SUR, 2012, 1683.0 
 SWE, 2012,  
 CHE, 2012, 10812.0 
 SYR, 2012, 84.0 
 TJK, 2012, 876.0 
 THA, 2012, 263879.0 
 GBR, 2012, 68504.0 
 TLS, 2012, 84.0 
 TGO, 2012, 30334.0 
 TON, 2012,  
 TTO, 2012, 5565.0 
 TUN, 2012, 455.0 
 TUR, 2012,  
 TKM, 2012, 0.0 
 TUV, 2012,  
 UGA, 2012, 378079.0 
 UKR, 2012, 41449.0 
 ARE, 2012,  
 TZA, 2012, 433578.0 
 USA, 2012,  
 URY, 2012, 3323.0 
 UZB, 2012, 1719.0 
 VUT, 2012,  
 VEN, 2012, 44004.0 
 VNM, 2012, 73711.0 
 YEM, 2012, 721.0 
 ZMB, 2012, 479881.0 
 ZWE, 2012, 565665.0 
 AFG, 2011, 114.0 
 ALB, 2011, 175.0 
 DZA, 2011, 2680.0 
 AND, 2011,  
 AGO, 2011, 26556.0 
 ATG, 2011,  
 ARG, 2011, 52901.0 
 ARM, 2011,  
 AUS, 2011, 13078.0 
 AUT, 2011,  
 AZE, 2011, 941.0 
 BHS, 2011, 1349.0 
 BHR, 2011, 67.0 
 BGD, 2011, 664.0 
 BRB, 2011, 929.0 
 BLR, 2011, 3223.0 
 BEL, 2011,  
 BLZ, 2011, 912.0 
 BEN, 2011, 25535.0 
 BTN, 2011, 84.0 
 BOL, 2011, 1266.0 
 BIH, 2011,  
 BWA, 2011, 177776.0 
 BRA, 2011, 378850.0 
 BRN, 2011,  
 BGR, 2011, 455.0 
 BFA, 2011, 36248.0 
 BDI, 2011, 26402.0 
 CPV, 2011, 690.0 
 KHM, 2011, 44013.0 
 CMR, 2011, 105653.0 
 CAN, 2011,  
 CAF, 2011, 14405.0 
 TCD, 2011, 32832.0 
 CHL, 2011, 15617.0 
 CHN, 2011, 128473.0 
 COL, 2011, 22543.0 
 COM, 2011, 19.0 
 COG, 2011, 16881.0 
 COK, 2011,  
 CRI, 2011, 3692.0 
 CIV, 2011, 98464.0 
 HRV, 2011, 577.0 
 CUB, 2011, 7463.0 
 CYP, 2011, 233.0 
 CZE, 2011,  
 PRK, 2011,  
 COD, 2011, 53393.0 
 DNK, 2011, 3862.0 
 DJI, 2011, 1042.0 
 DMA, 2011,  
 DOM, 2011, 17023.0 
 ECU, 2011, 8947.0 
 EGY, 2011, 743.0 
 SLV, 2011, 8890.0 
 GNQ, 2011, 3896.0 
 ERI, 2011, 5554.0 
 EST, 2011,  
 SWZ, 2011, 69110.0 
 ETH, 2011, 265140.0 
 FJI, 2011, 96.0 
 FIN, 2011,  
 FRA, 2011, 109511.0 
 GAB, 2011, 12694.0 
 GMB, 2011, 3121.0 
 GEO, 2011, 1122.0 
 DEU, 2011,  
 GHA, 2011, 59007.0 
 GRC, 2011, 4969.0 
 GRD, 2011,  
 GTM, 2011, 13585.0 
 GIN, 2011, 23047.0 
 GNB, 2011, 5104.0 
 GUY, 2011, 3432.0 
 HTI, 2011, 34878.0 
 HND, 2011, 8355.0 
 HUN, 2011,  
 ISL, 2011, 147.0 
 IND, 2011, 513127.0 
 IDN, 2011, 24861.0 
 IRN, 2011, 2348.0 
 IRQ, 2011,  
 IRL, 2011, 3197.0 
 ISR, 2011,  
 ITA, 2011, 77277.0 
 JAM, 2011, 6669.0 
 JPN, 2011, 14791.0 
 JOR, 2011,  
 KAZ, 2011, 1827.0 
 KEN, 2011, 538985.0 
 KIR, 2011,  
 KWT, 2011,  
 KGZ, 2011, 486.0 
 LAO, 2011, 1988.0 
 LVA, 2011, 576.0 
 LBN, 2011, 516.0 
 LSO, 2011, 98174.0 
 LBR, 2011, 5839.0 
 LBY, 2011, 1906.0 
 LTU, 2011, 204.0 
 LUX, 2011, 465.0 
 MDG, 2011, 396.0 
 MWI, 2011, 323566.0 
 MYS, 2011, 13104.0 
 MDV, 2011, 3.0 
 MLI, 2011, 29237.0 
 MLT, 2011,  
 MHL, 2011,  
 MRT, 2011, 1738.0 
 MUS, 2011, 1359.0 
 MEX, 2011, 71839.0 
 FSM, 2011,  
 MCO, 2011,  
 MNG, 2011, 38.0 
 MNE, 2011, 48.0 
 MAR, 2011, 3923.0 
 MOZ, 2011, 273561.0 
 MMR, 2011, 40128.0 
 NAM, 2011, 94197.0 
 NRU, 2011,  
 NPL, 2011, 6484.0 
 NLD, 2011, 13764.0 
 NZL, 2011, 1517.0 
 NIC, 2011, 1777.0 
 NER, 2011, 9420.0 
 NGA, 2011, 394880.0 
 NIU, 2011,  
 MKD, 2011,  
 NOR, 2011, 2960.0 
 OMN, 2011, 656.0 
 PAK, 2011, 2018.0 
 PLW, 2011,  
 PAN, 2011,  
 PNG, 2011, 9395.0 
 PRY, 2011, 3119.0 
 PER, 2011, 21554.0 
 PHL, 2011, 2627.0 
 POL, 2011,  
 PRT, 2011, 22171.0 
 QAT, 2011, 32.0 
 KOR, 2011,  
 MDA, 2011, 1666.0 
 ROU, 2011, 7769.0 
 RUS, 2011, 92590.0 
 RWA, 2011, 99820.0 
 KNA, 2011,  
 LCA, 2011,  
 VCT, 2011,  
 WSM, 2011,  
 SMR, 2011,  
 STP, 2011,  
 SAU, 2011,  
 SEN, 2011, 12821.0 
 SRB, 2011, 995.0 
 SYC, 2011,  
 SLE, 2011, 8117.0 
 SGP, 2011, 2509.0 
 SVK, 2011, 153.0 
 SVN, 2011, 279.0 
 SLB, 2011,  
 SOM, 2011, 1139.0 
 ZAF, 2011, 1863299.0 
 SSD, 2011, 3666.0 
 ESP, 2011, 90900.0 
 LKA, 2011, 311.0 
 SDN, 2011, 2377.0 
 SUR, 2011, 1295.0 
 SWE, 2011,  
 CHE, 2011, 10179.0 
 SYR, 2011, 69.0 
 TJK, 2011, 655.0 
 THA, 2011, 244473.0 
 GBR, 2011, 63618.0 
 TLS, 2011, 52.0 
 TGO, 2011, 27368.0 
 TON, 2011,  
 TTO, 2011, 4947.0 
 TUN, 2011, 480.0 
 TUR, 2011,  
 TKM, 2011, 0.0 
 TUV, 2011,  
 UGA, 2011, 275627.0 
 UKR, 2011, 27542.0 
 ARE, 2011,  
 TZA, 2011, 268557.0 
 USA, 2011,  
 URY, 2011, 3314.0 
 UZB, 2011, 4213.0 
 VUT, 2011,  
 VEN, 2011, 41226.0 
 VNM, 2011, 61424.0 
 YEM, 2011, 625.0 
 ZMB, 2011, 423721.0 
 ZWE, 2011, 484656.0 
 AFG, 2010, 60.0 
 ALB, 2010, 131.0 
 DZA, 2010, 2221.0 
 AND, 2010,  
 AGO, 2010, 22036.0 
 ATG, 2010,  
 ARG, 2010, 48300.0 
 ARM, 2010,  
 AUS, 2010, 11993.0 
 AUT, 2010,  
 AZE, 2010, 587.0 
 BHS, 2010, 1362.0 
 BHR, 2010, 59.0 
 BGD, 2010, 454.0 
 BRB, 2010, 873.0 
 BLR, 2010, 2615.0 
 BEL, 2010,  
 BLZ, 2010, 779.0 
 BEN, 2010, 20108.0 
 BTN, 2010, 64.0 
 BOL, 2010, 1261.0 
 BIH, 2010,  
 BWA, 2010, 159350.0 
 BRA, 2010, 351176.0 
 BRN, 2010,  
 BGR, 2010, 386.0 
 BFA, 2010, 31543.0 
 BDI, 2010, 22735.0 
 CPV, 2010, 591.0 
 KHM, 2010, 40515.0 
 CMR, 2010, 89455.0 
 CAN, 2010,  
 CAF, 2010, 15287.0 
 TCD, 2010, 31919.0 
 CHL, 2010, 14356.0 
 CHN, 2010, 87950.0 
 COL, 2010, 15509.0 
 COM, 2010, 17.0 
 COG, 2010, 14870.0 
 COK, 2010,  
 CRI, 2010, 3345.0 
 CIV, 2010, 81458.0 
 HRV, 2010, 512.0 
 CUB, 2010, 6001.0 
 CYP, 2010, 186.0 
 CZE, 2010,  
 PRK, 2010,  
 COD, 2010, 43790.0 
 DNK, 2010, 3576.0 
 DJI, 2010, 967.0 
 DMA, 2010,  
 DOM, 2010, 14823.0 
 ECU, 2010, 7168.0 
 EGY, 2010, 579.0 
 SLV, 2010, 8482.0 
 GNQ, 2010, 2292.0 
 ERI, 2010, 4699.0 
 EST, 2010,  
 SWZ, 2010, 60757.0 
 ETH, 2010, 222333.0 
 FJI, 2010, 79.0 
 FIN, 2010,  
 FRA, 2010, 104773.0 
 GAB, 2010, 11013.0 
 GMB, 2010, 2030.0 
 GEO, 2010, 830.0 
 DEU, 2010,  
 GHA, 2010, 40575.0 
 GRC, 2010, 4486.0 
 GRD, 2010,  
 GTM, 2010, 12053.0 
 GIN, 2010, 19883.0 
 GNB, 2010, 3813.0 
 GUY, 2010, 3059.0 
 HTI, 2010, 29171.0 
 HND, 2010, 7718.0 
 HUN, 2010,  
 ISL, 2010, 137.0 
 IND, 2010, 409026.0 
 IDN, 2010, 20090.0 
 IRN, 2010, 1684.0 
 IRQ, 2010,  
 IRL, 2010, 2861.0 
 ISR, 2010,  
 ITA, 2010, 72123.0 
 JAM, 2010, 5826.0 
 JPN, 2010, 12790.0 
 JOR, 2010,  
 KAZ, 2010, 1239.0 
 KEN, 2010, 432622.0 
 KIR, 2010,  
 KWT, 2010,  
 KGZ, 2010, 356.0 
 LAO, 2010, 1690.0 
 LVA, 2010, 508.0 
 LBN, 2010, 428.0 
 LSO, 2010, 94287.0 
 LBR, 2010, 4412.0 
 LBY, 2010, 1726.0 
 LTU, 2010, 156.0 
 LUX, 2010, 409.0 
 MDG, 2010, 266.0 
 MWI, 2010, 250953.0 
 MYS, 2010, 11907.0 
 MDV, 2010, 2.0 
 MLI, 2010, 24778.0 
 MLT, 2010,  
 MHL, 2010,  
 MRT, 2010, 1619.0 
 MUS, 2010, 654.0 
 MEX, 2010, 64987.0 
 FSM, 2010,  
 MCO, 2010,  
 MNG, 2010, 25.0 
 MNE, 2010, 44.0 
 MAR, 2010, 3081.0 
 MOZ, 2010, 218991.0 
 MMR, 2010, 29826.0 
 NAM, 2010, 77453.0 
 NRU, 2010,  
 NPL, 2010, 4867.0 
 NLD, 2010, 12737.0 
 NZL, 2010, 1348.0 
 NIC, 2010, 1349.0 
 NER, 2010, 7296.0 
 NGA, 2010, 339343.0 
 NIU, 2010,  
 MKD, 2010,  
 NOR, 2010, 2813.0 
 OMN, 2010, 537.0 
 PAK, 2010, 1906.0 
 PLW, 2010,  
 PAN, 2010,  
 PNG, 2010, 7560.0 
 PRY, 2010, 2955.0 
 PER, 2010, 20064.0 
 PHL, 2010, 1294.0 
 POL, 2010,  
 PRT, 2010, 20151.0 
 QAT, 2010, 21.0 
 KOR, 2010,  
 MDA, 2010, 1237.0 
 ROU, 2010, 7557.0 
 RUS, 2010, 71573.0 
 RWA, 2010, 89283.0 
 KNA, 2010,  
 LCA, 2010,  
 VCT, 2010,  
 WSM, 2010,  
 SMR, 2010,  
 STP, 2010,  
 SAU, 2010,  
 SEN, 2010, 11845.0 
 SRB, 2010, 915.0 
 SYC, 2010,  
 SLE, 2010, 5978.0 
 SGP, 2010, 2039.0 
 SVK, 2010, 134.0 
 SVN, 2010, 256.0 
 SLB, 2010,  
 SOM, 2010, 889.0 
 ZAF, 2010, 1372829.0 
 SSD, 2010, 2256.0 
 ESP, 2010, 88053.0 
 LKA, 2010, 265.0 
 SDN, 2010, 2122.0 
 SUR, 2010, 1121.0 
 SWE, 2010,  
 CHE, 2010, 9545.0 
 SYR, 2010, 48.0 
 TJK, 2010, 437.0 
 THA, 2010, 222165.0 
 GBR, 2010, 58231.0 
 TLS, 2010, 51.0 
 TGO, 2010, 23278.0 
 TON, 2010,  
 TTO, 2010, 4571.0 
 TUN, 2010, 412.0 
 TUR, 2010,  
 TKM, 2010, 0.0 
 TUV, 2010,  
 UGA, 2010, 236956.0 
 UKR, 2010, 22697.0 
 ARE, 2010,  
 TZA, 2010, 244225.0 
 USA, 2010,  
 URY, 2010, 3028.0 
 UZB, 2010, 3101.0 
 VUT, 2010,  
 VEN, 2010, 39255.0 
 VNM, 2010, 49428.0 
 YEM, 2010, 501.0 
 ZMB, 2010, 349076.0 
 ZWE, 2010, 363261.0 
 AFG, 2009, 21.0 
 ALB, 2009, 111.0 
 DZA, 2009, 1526.0 
 AND, 2009,  
 AGO, 2009, 16611.0 
 ATG, 2009,  
 ARG, 2009, 43699.0 
 ARM, 2009,  
 AUS, 2009, 10542.0 
 AUT, 2009,  
 AZE, 2009, 330.0 
 BHS, 2009, 1836.0 
 BHR, 2009, 51.0 
 BGD, 2009, 354.0 
 BRB, 2009, 782.0 
 BLR, 2009, 1745.0 
 BEL, 2009,  
 BLZ, 2009, 672.0 
 BEN, 2009, 16171.0 
 BTN, 2009, 44.0 
 BOL, 2009, 1103.0 
 BIH, 2009,  
 BWA, 2009, 139247.0 
 BRA, 2009, 323417.0 
 BRN, 2009,  
 BGR, 2009, 330.0 
 BFA, 2009, 26448.0 
 BDI, 2009, 17661.0 
 CPV, 2009, 474.0 
 KHM, 2009, 35479.0 
 CMR, 2009, 76228.0 
 CAN, 2009,  
 CAF, 2009, 13234.0 
 TCD, 2009, 24990.0 
 CHL, 2009, 12762.0 
 CHN, 2009, 67075.0 
 COL, 2009, 13466.0 
 COM, 2009, 0.0 
 COG, 2009, 12169.0 
 COK, 2009,  
 CRI, 2009, 2115.0 
 CIV, 2009, 76331.0 
 HRV, 2009, 445.0 
 CUB, 2009, 4909.0 
 CYP, 2009, 138.0 
 CZE, 2009,  
 PRK, 2009,  
 COD, 2009, 34742.0 
 DNK, 2009, 3290.0 
 DJI, 2009, 913.0 
 DMA, 2009,  
 DOM, 2009, 11978.0 
 ECU, 2009, 5447.0 
 EGY, 2009, 359.0 
 SLV, 2009, 7106.0 
 GNQ, 2009, 3502.0 
 ERI, 2009, 3774.0 
 EST, 2009,  
 SWZ, 2009, 42137.0 
 ETH, 2009, 178141.0 
 FJI, 2009, 63.0 
 FIN, 2009,  
 FRA, 2009, 100030.0 
 GAB, 2009, 9976.0 
 GMB, 2009, 1097.0 
 GEO, 2009, 655.0 
 DEU, 2009,  
 GHA, 2009, 30265.0 
 GRC, 2009, 4113.0 
 GRD, 2009,  
 GTM, 2009, 10839.0 
 GIN, 2009, 14999.0 
 GNB, 2009, 2884.0 
 GUY, 2009, 2832.0 
 HTI, 2009, 25821.0 
 HND, 2009, 7075.0 
 HUN, 2009,  
 ISL, 2009, 127.0 
 IND, 2009, 310695.0 
 IDN, 2009, 16085.0 
 IRN, 2009, 1209.0 
 IRQ, 2009,  
 IRL, 2009, 2656.0 
 ISR, 2009,  
 ITA, 2009, 66968.0 
 JAM, 2009, 5184.0 
 JPN, 2009, 10833.0 
 JOR, 2009,  
 KAZ, 2009, 898.0 
 KEN, 2009, 343929.0 
 KIR, 2009,  
 KWT, 2009,  
 KGZ, 2009, 252.0 
 LAO, 2009, 1440.0 
 LVA, 2009, 439.0 
 LBN, 2009, 355.0 
 LSO, 2009, 76062.0 
 LBR, 2009, 2970.0 
 LBY, 2009, 1429.0 
 LTU, 2009, 146.0 
 LUX, 2009, 366.0 
 MDG, 2009, 214.0 
 MWI, 2009, 198844.0 
 MYS, 2009, 10707.0 
 MDV, 2009, 2.0 
 MLI, 2009, 21100.0 
 MLT, 2009,  
 MHL, 2009,  
 MRT, 2009, 1417.0 
 MUS, 2009, 532.0 
 MEX, 2009, 59054.0 
 FSM, 2009,  
 MCO, 2009,  
 MNG, 2009, 10.0 
 MNE, 2009, 34.0 
 MAR, 2009, 2557.0 
 MOZ, 2009, 170198.0 
 MMR, 2009, 21137.0 
 NAM, 2009, 64637.0 
 NRU, 2009,  
 NPL, 2009, 3557.0 
 NLD, 2009, 11588.0 
 NZL, 2009, 1204.0 
 NIC, 2009, 1105.0 
 NER, 2009, 6445.0 
 NGA, 2009, 302973.0 
 NIU, 2009,  
 MKD, 2009,  
 NOR, 2009, 2667.0 
 OMN, 2009, 441.0 
 PAK, 2009, 1320.0 
 PLW, 2009,  
 PAN, 2009,  
 PNG, 2009, 6202.0 
 PRY, 2009, 2190.0 
 PER, 2009, 14998.0 
 PHL, 2009, 849.0 
 POL, 2009,  
 PRT, 2009, 18129.0 
 QAT, 2009, 11.0 
 KOR, 2009,  
 MDA, 2009, 984.0 
 ROU, 2009, 7257.0 
 RUS, 2009, 59751.0 
 RWA, 2009, 76891.0 
 KNA, 2009,  
 LCA, 2009,  
 VCT, 2009,  
 WSM, 2009,  
 SMR, 2009,  
 STP, 2009,  
 SAU, 2009,  
 SEN, 2009, 10379.0 
 SRB, 2009, 816.0 
 SYC, 2009,  
 SLE, 2009, 3916.0 
 SGP, 2009, 1663.0 
 SVK, 2009, 116.0 
 SVN, 2009, 177.0 
 SLB, 2009,  
 SOM, 2009, 578.0 
 ZAF, 2009, 975937.0 
 SSD, 2009, 1845.0 
 ESP, 2009, 81401.0 
 LKA, 2009, 204.0 
 SDN, 2009, 1996.0 
 SUR, 2009, 974.0 
 SWE, 2009,  
 CHE, 2009, 8910.0 
 SYR, 2009, 38.0 
 TJK, 2009, 248.0 
 THA, 2009, 196696.0 
 GBR, 2009, 52970.0 
 TLS, 2009, 31.0 
 TGO, 2009, 15197.0 
 TON, 2009,  
 TTO, 2009, 3592.0 
 TUN, 2009, 344.0 
 TUR, 2009,  
 TKM, 2009, 0.0 
 TUV, 2009,  
 UGA, 2009, 185973.0 
 UKR, 2009, 16218.0 
 ARE, 2009,  
 TZA, 2009, 200188.0 
 USA, 2009,  
 URY, 2009, 2197.0 
 UZB, 2009, 2240.0 
 VUT, 2009,  
 VEN, 2009, 33223.0 
 VNM, 2009, 38080.0 
 YEM, 2009, 274.0 
 ZMB, 2009, 285767.0 
 ZWE, 2009, 221268.0 
 AFG, 2008, 0.0 
 ALB, 2008, 84.0 
 DZA, 2008, 1111.0 
 AND, 2008,  
 AGO, 2008, 11839.0 
 ATG, 2008,  
 ARG, 2008, 39649.0 
 ARM, 2008,  
 AUS, 2008, 9866.0 
 AUT, 2008,  
 AZE, 2008, 197.0 
 BHS, 2008, 1630.0 
 BHR, 2008, 44.0 
 BGD, 2008, 227.0 
 BRB, 2008, 708.0 
 BLR, 2008, 1249.0 
 BEL, 2008,  
 BLZ, 2008, 490.0 
 BEN, 2008, 12079.0 
 BTN, 2008, 34.0 
 BOL, 2008, 643.0 
 BIH, 2008,  
 BWA, 2008, 114360.0 
 BRA, 2008, 300459.0 
 BRN, 2008,  
 BGR, 2008, 250.0 
 BFA, 2008, 21103.0 
 BDI, 2008, 14343.0 
 CPV, 2008, 436.0 
 KHM, 2008, 29759.0 
 CMR, 2008, 59960.0 
 CAN, 2008,  
 CAF, 2008, 11864.0 
 TCD, 2008, 18080.0 
 CHL, 2008, 10904.0 
 CHN, 2008, 49374.0 
 COL, 2008, 12562.0 
 COM, 2008, 0.0 
 COG, 2008, 9404.0 
 COK, 2008,  
 CRI, 2008, 1865.0 
 CIV, 2008, 54063.0 
 HRV, 2008, 400.0 
 CUB, 2008, 3979.0 
 CYP, 2008, 123.0 
 CZE, 2008,  
 PRK, 2008,  
 COD, 2008, 24150.0 
 DNK, 2008, 3003.0 
 DJI, 2008, 816.0 
 DMA, 2008,  
 DOM, 2008, 9632.0 
 ECU, 2008, 4102.0 
 EGY, 2008, 291.0 
 SLV, 2008, 5794.0 
 GNQ, 2008, 2108.0 
 ERI, 2008, 2965.0 
 EST, 2008,  
 SWZ, 2008, 32701.0 
 ETH, 2008, 132850.0 
 FJI, 2008, 50.0 
 FIN, 2008,  
 FRA, 2008, 95286.0 
 GAB, 2008, 7773.0 
 GMB, 2008, 893.0 
 GEO, 2008, 498.0 
 DEU, 2008,  
 GHA, 2008, 21548.0 
 GRC, 2008, 3769.0 
 GRD, 2008,  
 GTM, 2008, 9876.0 
 GIN, 2008, 9212.0 
 GNB, 2008, 2048.0 
 GUY, 2008, 2477.0 
 HTI, 2008, 19844.0 
 HND, 2008, 6253.0 
 HUN, 2008,  
 ISL, 2008, 116.0 
 IND, 2008, 217789.0 
 IDN, 2008, 10733.0 
 IRN, 2008, 819.0 
 IRQ, 2008,  
 IRL, 2008, 2452.0 
 ISR, 2008,  
 ITA, 2008, 61814.0 
 JAM, 2008, 3738.0 
 JPN, 2008, 9000.0 
 JOR, 2008,  
 KAZ, 2008, 565.0 
 KEN, 2008, 250636.0 
 KIR, 2008,  
 KWT, 2008,  
 KGZ, 2008, 137.0 
 LAO, 2008, 1081.0 
 LVA, 2008, 334.0 
 LBN, 2008, 288.0 
 LSO, 2008, 54979.0 
 LBR, 2008, 2017.0 
 LBY, 2008, 1091.0 
 LTU, 2008, 127.0 
 LUX, 2008, 337.0 
 MDG, 2008, 162.0 
 MWI, 2008, 152298.0 
 MYS, 2008, 9501.0 
 MDV, 2008, 3.0 
 MLI, 2008, 17098.0 
 MLT, 2008,  
 MHL, 2008,  
 MRT, 2008, 1107.0 
 MUS, 2008, 444.0 
 MEX, 2008, 52880.0 
 FSM, 2008,  
 MCO, 2008,  
 MNG, 2008, 5.0 
 MNE, 2008, 29.0 
 MAR, 2008, 2147.0 
 MOZ, 2008, 137723.0 
 MMR, 2008, 15192.0 
 NAM, 2008, 57289.0 
 NRU, 2008,  
 NPL, 2008, 2536.0 
 NLD, 2008, 10524.0 
 NZL, 2008, 1090.0 
 NIC, 2008, 760.0 
 NER, 2008, 2747.0 
 NGA, 2008, 229779.0 
 NIU, 2008,  
 MKD, 2008,  
 NOR, 2008, 2519.0 
 OMN, 2008, 354.0 
 PAK, 2008, 907.0 
 PLW, 2008,  
 PAN, 2008,  
 PNG, 2008, 4847.0 
 PRY, 2008, 1595.0 
 PER, 2008, 10236.0 
 PHL, 2008, 583.0 
 POL, 2008,  
 PRT, 2008, 16734.0 
 QAT, 2008,  
 KOR, 2008,  
 MDA, 2008, 682.0 
 ROU, 2008, 7002.0 
 RUS, 2008, 46882.0 
 RWA, 2008, 62921.0 
 KNA, 2008,  
 LCA, 2008,  
 VCT, 2008,  
 WSM, 2008,  
 SMR, 2008,  
 STP, 2008,  
 SAU, 2008,  
 SEN, 2008, 8912.0 
 SRB, 2008, 750.0 
 SYC, 2008,  
 SLE, 2008, 2087.0 
 SGP, 2008, 1174.0 
 SVK, 2008, 97.0 
 SVN, 2008, 160.0 
 SLB, 2008,  
 SOM, 2008, 413.0 
 ZAF, 2008, 676811.0 
 SSD, 2008, 394.0 
 ESP, 2008, 75554.0 
 LKA, 2008, 139.0 
 SDN, 2008, 1160.0 
 SUR, 2008, 842.0 
 SWE, 2008,  
 CHE, 2008, 8275.0 
 SYR, 2008, 26.0 
 TJK, 2008, 118.0 
 THA, 2008, 175004.0 
 GBR, 2008, 48162.0 
 TLS, 2008, 28.0 
 TGO, 2008, 9906.0 
 TON, 2008,  
 TTO, 2008, 2810.0 
 TUN, 2008, 254.0 
 TUR, 2008,  
 TKM, 2008, 0.0 
 TUV, 2008,  
 UGA, 2008, 156794.0 
 UKR, 2008, 10629.0 
 ARE, 2008,  
 TZA, 2008, 154960.0 
 USA, 2008,  
 URY, 2008, 2083.0 
 UZB, 2008, 1497.0 
 VUT, 2008,  
 VEN, 2008, 27866.0 
 VNM, 2008, 27059.0 
 YEM, 2008, 189.0 
 ZMB, 2008, 227976.0 
 ZWE, 2008, 149213.0 
 AFG, 2007, 0.0 
 ALB, 2007, 54.0 
 DZA, 2007, 993.0 
 AND, 2007,  
 AGO, 2007, 7034.0 
 ATG, 2007,  
 ARG, 2007, 36183.0 
 ARM, 2007,  
 AUS, 2007, 9606.0 
 AUT, 2007,  
 AZE, 2007, 94.0 
 BHS, 2007, 1395.0 
 BHR, 2007, 40.0 
 BGD, 2007, 74.0 
 BRB, 2007, 615.0 
 BLR, 2007, 884.0 
 BEL, 2007,  
 BLZ, 2007, 379.0 
 BEN, 2007, 0.0 
 BTN, 2007, 21.0 
 BOL, 2007, 488.0 
 BIH, 2007,  
 BWA, 2007, 90220.0 
 BRA, 2007, 276297.0 
 BRN, 2007,  
 BGR, 2007, 224.0 
 BFA, 2007, 15494.0 
 BDI, 2007, 10928.0 
 CPV, 2007, 335.0 
 KHM, 2007, 23782.0 
 CMR, 2007, 45817.0 
 CAN, 2007,  
 CAF, 2007, 6054.0 
 TCD, 2007, 7567.0 
 CHL, 2007, 10034.0 
 CHN, 2007, 35546.0 
 COL, 2007, 14452.0 
 COM, 2007, 0.0 
 COG, 2007, 4716.0 
 COK, 2007,  
 CRI, 2007, 1637.0 
 CIV, 2007, 36521.0 
 HRV, 2007, 349.0 
 CUB, 2007, 3096.0 
 CYP, 2007, 107.0 
 CZE, 2007,  
 PRK, 2007,  
 COD, 2007, 21873.0 
 DNK, 2007, 2703.0 
 DJI, 2007, 680.0 
 DMA, 2007,  
 DOM, 2007, 7133.0 
 ECU, 2007, 2763.0 
 EGY, 2007, 200.0 
 SLV, 2007, 4676.0 
 GNQ, 2007, 1545.0 
 ERI, 2007, 2120.0 
 EST, 2007,  
 SWZ, 2007, 24535.0 
 ETH, 2007, 92199.0 
 FJI, 2007, 36.0 
 FIN, 2007,  
 FRA, 2007, 90545.0 
 GAB, 2007, 6373.0 
 GMB, 2007, 473.0 
 GEO, 2007, 346.0 
 DEU, 2007,  
 GHA, 2007, 12315.0 
 GRC, 2007, 3423.0 
 GRD, 2007,  
 GTM, 2007, 7586.0 
 GIN, 2007, 5228.0 
 GNB, 2007, 890.0 
 GUY, 2007, 1952.0 
 HTI, 2007, 13939.0 
 HND, 2007, 5603.0 
 HUN, 2007,  
 ISL, 2007, 106.0 
 IND, 2007, 133409.0 
 IDN, 2007, 7471.0 
 IRN, 2007, 569.0 
 IRQ, 2007,  
 IRL, 2007, 2247.0 
 ISR, 2007,  
 ITA, 2007, 56663.0 
 JAM, 2007, 2977.0 
 JPN, 2007, 7346.0 
 JOR, 2007,  
 KAZ, 2007, 401.0 
 KEN, 2007, 184902.0 
 KIR, 2007,  
 KWT, 2007,  
 KGZ, 2007, 74.0 
 LAO, 2007, 736.0 
 LVA, 2007, 301.0 
 LBN, 2007, 243.0 
 LSO, 2007, 39860.0 
 LBR, 2007, 1414.0 
 LBY, 2007, 830.0 
 LTU, 2007, 93.0 
 LUX, 2007, 295.0 
 MDG, 2007, 139.0 
 MWI, 2007, 96710.0 
 MYS, 2007, 8291.0 
 MDV, 2007, 2.0 
 MLI, 2007, 12227.0 
 MLT, 2007,  
 MHL, 2007,  
 MRT, 2007, 845.0 
 MUS, 2007, 341.0 
 MEX, 2007, 46385.0 
 FSM, 2007,  
 MCO, 2007,  
 MNG, 2007, 3.0 
 MNE, 2007, 25.0 
 MAR, 2007, 1606.0 
 MOZ, 2007, 94410.0 
 MMR, 2007, 11193.0 
 NAM, 2007, 44802.0 
 NRU, 2007,  
 NPL, 2007, 1333.0 
 NLD, 2007, 9473.0 
 NZL, 2007, 1010.0 
 NIC, 2007, 527.0 
 NER, 2007, 2371.0 
 NGA, 2007, 132438.0 
 NIU, 2007,  
 MKD, 2007,  
 NOR, 2007, 2372.0 
 OMN, 2007, 270.0 
 PAK, 2007, 550.0 
 PLW, 2007,  
 PAN, 2007,  
 PNG, 2007, 3514.0 
 PRY, 2007, 1078.0 
 PER, 2007, 8512.0 
 PHL, 2007, 367.0 
 POL, 2007,  
 PRT, 2007, 15338.0 
 QAT, 2007,  
 KOR, 2007,  
 MDA, 2007, 464.0 
 ROU, 2007, 6857.0 
 RUS, 2007, 31424.0 
 RWA, 2007, 45530.0 
 KNA, 2007,  
 LCA, 2007,  
 VCT, 2007,  
 WSM, 2007,  
 SMR, 2007,  
 STP, 2007,  
 SAU, 2007,  
 SEN, 2007, 7447.0 
 SRB, 2007, 684.0 
 SYC, 2007,  
 SLE, 2007, 1062.0 
 SGP, 2007, 801.0 
 SVK, 2007, 98.0 
 SVN, 2007, 157.0 
 SLB, 2007,  
 SOM, 2007, 211.0 
 ZAF, 2007, 449676.0 
 SSD, 2007, 131.0 
 ESP, 2007, 69708.0 
 LKA, 2007, 109.0 
 SDN, 2007, 0.0 
 SUR, 2007, 669.0 
 SWE, 2007,  
 CHE, 2007, 7639.0 
 SYR, 2007, 21.0 
 TJK, 2007, 67.0 
 THA, 2007, 151315.0 
 GBR, 2007, 41829.0 
 TLS, 2007, 5.0 
 TGO, 2007, 7199.0 
 TON, 2007,  
 TTO, 2007, 2379.0 
 TUN, 2007, 204.0 
 TUR, 2007,  
 TKM, 2007, 0.0 
 TUV, 2007,  
 UGA, 2007, 111232.0 
 UKR, 2007, 7657.0 
 ARE, 2007,  
 TZA, 2007, 135924.0 
 USA, 2007,  
 URY, 2007, 1927.0 
 UZB, 2007, 878.0 
 VUT, 2007,  
 VEN, 2007, 22816.0 
 VNM, 2007, 16212.0 
 YEM, 2007, 68.0 
 ZMB, 2007, 163843.0 
 ZWE, 2007, 99908.0 
 AFG, 2006, 0.0 
 ALB, 2006, 41.0 
 DZA, 2006, 870.0 
 AND, 2006,  
 AGO, 2006, 4065.0 
 ATG, 2006,  
 ARG, 2006, 31701.0 
 ARM, 2006,  
 AUS, 2006, 9153.0 
 AUT, 2006,  
 AZE, 2006, 8.0 
 BHS, 2006, 1372.0 
 BHR, 2006, 34.0 
 BGD, 2006, 52.0 
 BRB, 2006, 543.0 
 BLR, 2006, 638.0 
 BEL, 2006,  
 BLZ, 2006, 333.0 
 BEN, 2006, 0.0 
 BTN, 2006, 13.0 
 BOL, 2006, 380.0 
 BIH, 2006,  
 BWA, 2006, 75303.0 
 BRA, 2006, 252353.0 
 BRN, 2006,  
 BGR, 2006, 196.0 
 BFA, 2006, 12842.0 
 BDI, 2006, 8048.0 
 CPV, 2006, 226.0 
 KHM, 2006, 17725.0 
 CMR, 2006, 28403.0 
 CAN, 2006,  
 CAF, 2006, 2860.0 
 TCD, 2006, 5500.0 
 CHL, 2006, 8696.0 
 CHN, 2006, 26249.0 
 COL, 2006, 7873.0 
 COM, 2006, 0.0 
 COG, 2006, 3186.0 
 COK, 2006,  
 CRI, 2006, 1411.0 
 CIV, 2006, 28430.0 
 HRV, 2006, 303.0 
 CUB, 2006, 2500.0 
 CYP, 2006, 92.0 
 CZE, 2006,  
 PRK, 2006,  
 COD, 2006, 17675.0 
 DNK, 2006, 2582.0 
 DJI, 2006, 512.0 
 DMA, 2006,  
 DOM, 2006, 4125.0 
 ECU, 2006, 1802.0 
 EGY, 2006, 200.0 
 SLV, 2006, 3693.0 
 GNQ, 2006, 742.0 
 ERI, 2006, 1211.0 
 EST, 2006,  
 SWZ, 2006, 17159.0 
 ETH, 2006, 48729.0 
 FJI, 2006, 28.0 
 FIN, 2006,  
 FRA, 2006, 85804.0 
 GAB, 2006, 5278.0 
 GMB, 2006, 330.0 
 GEO, 2006, 266.0 
 DEU, 2006,  
 GHA, 2006, 6993.0 
 GRC, 2006, 3146.0 
 GRD, 2006,  
 GTM, 2006, 4814.0 
 GIN, 2006, 4698.0 
 GNB, 2006, 349.0 
 GUY, 2006, 1595.0 
 HTI, 2006, 9428.0 
 HND, 2006, 4649.0 
 HUN, 2006,  
 ISL, 2006, 95.0 
 IND, 2006, 64222.0 
 IDN, 2006, 4904.0 
 IRN, 2006, 375.0 
 IRQ, 2006,  
 IRL, 2006, 2043.0 
 ISR, 2006,  
 ITA, 2006, 51513.0 
 JAM, 2006, 1974.0 
 JPN, 2006, 5903.0 
 JOR, 2006,  
 KAZ, 2006, 273.0 
 KEN, 2006, 128722.0 
 KIR, 2006,  
 KWT, 2006,  
 KGZ, 2006, 46.0 
 LAO, 2006, 508.0 
 LVA, 2006, 159.0 
 LBN, 2006, 194.0 
 LSO, 2006, 17214.0 
 LBR, 2006, 916.0 
 LBY, 2006, 632.0 
 LTU, 2006, 71.0 
 LUX, 2006, 283.0 
 MDG, 2006, 89.0 
 MWI, 2006, 57354.0 
 MYS, 2006, 7078.0 
 MDV, 2006, 2.0 
 MLI, 2006, 7768.0 
 MLT, 2006,  
 MHL, 2006,  
 MRT, 2006, 523.0 
 MUS, 2006, 250.0 
 MEX, 2006, 39608.0 
 FSM, 2006,  
 MCO, 2006,  
 MNG, 2006, 2.0 
 MNE, 2006, 21.0 
 MAR, 2006, 1342.0 
 MOZ, 2006, 44100.0 
 MMR, 2006, 6577.0 
 NAM, 2006, 26633.0 
 NRU, 2006,  
 NPL, 2006, 542.0 
 NLD, 2006, 8676.0 
 NZL, 2006, 917.0 
 NIC, 2006, 335.0 
 NER, 2006, 1722.0 
 NGA, 2006, 119998.0 
 NIU, 2006,  
 MKD, 2006,  
 NOR, 2006, 2124.0 
 OMN, 2006, 223.0 
 PAK, 2006, 164.0 
 PLW, 2006,  
 PAN, 2006,  
 PNG, 2006, 1320.0 
 PRY, 2006, 756.0 
 PER, 2006, 5287.0 
 PHL, 2006, 204.0 
 POL, 2006,  
 PRT, 2006, 13942.0 
 QAT, 2006, 0.0 
 KOR, 2006,  
 MDA, 2006, 262.0 
 ROU, 2006, 6812.0 
 RUS, 2006, 15330.0 
 RWA, 2006, 33486.0 
 KNA, 2006,  
 LCA, 2006,  
 VCT, 2006,  
 WSM, 2006,  
 SMR, 2006,  
 STP, 2006,  
 SAU, 2006,  
 SEN, 2006, 221.0 
 SRB, 2006, 630.0 
 SYC, 2006,  
 SLE, 2006, 753.0 
 SGP, 2006, 522.0 
 SVK, 2006, 96.0 
 SVN, 2006, 147.0 
 SLB, 2006,  
 SOM, 2006, 111.0 
 ZAF, 2006, 272824.0 
 SSD, 2006, 0.0 
 ESP, 2006, 63865.0 
 LKA, 2006, 76.0 
 SDN, 2006, 0.0 
 SUR, 2006, 482.0 
 SWE, 2006,  
 CHE, 2006, 7005.0 
 SYR, 2006, 16.0 
 TJK, 2006, 33.0 
 THA, 2006, 125169.0 
 GBR, 2006, 37481.0 
 TLS, 2006, 5.0 
 TGO, 2006, 6385.0 
 TON, 2006,  
 TTO, 2006, 1949.0 
 TUN, 2006, 160.0 
 TUR, 2006,  
 TKM, 2006, 0.0 
 TUV, 2006,  
 UGA, 2006, 89193.0 
 UKR, 2006, 4777.0 
 ARE, 2006,  
 TZA, 2006, 60520.0 
 USA, 2006,  
 URY, 2006, 1761.0 
 UZB, 2006, 377.0 
 VUT, 2006,  
 VEN, 2006, 19582.0 
 VNM, 2006, 8246.0 
 YEM, 2006, 0.0 
 ZMB, 2006, 85882.0 
 ZWE, 2006, 60309.0 
 AFG, 2005, 0.0 
 ALB, 2005, 30.0 
 DZA, 2005, 574.0 
 AND, 2005,  
 AGO, 2005, 609.0 
 ATG, 2005,  
 ARG, 2005, 28857.0 
 ARM, 2005,  
 AUS, 2005, 8177.0 
 AUT, 2005,  
 AZE, 2005,  
 BHS, 2005, 1053.0 
 BHR, 2005, 28.0 
 BGD, 2005, 20.0 
 BRB, 2005, 479.0 
 BLR, 2005, 161.0 
 BEL, 2005,  
 BLZ, 2005, 259.0 
 BEN, 2005, 0.0 
 BTN, 2005, 4.0 
 BOL, 2005, 258.0 
 BIH, 2005,  
 BWA, 2005, 55558.0 
 BRA, 2005, 223928.0 
 BRN, 2005,  
 BGR, 2005, 178.0 
 BFA, 2005, 8136.0 
 BDI, 2005, 6416.0 
 CPV, 2005, 140.0 
 KHM, 2005, 9752.0 
 CMR, 2005, 23820.0 
 CAN, 2005,  
 CAF, 2005, 1647.0 
 TCD, 2005, 1600.0 
 CHL, 2005, 8306.0 
 CHN, 2005, 19785.0 
 COL, 2005, 6333.0 
 COM, 2005, 0.0 
 COG, 2005, 2788.0 
 COK, 2005,  
 CRI, 2005, 1201.0 
 CIV, 2005, 18743.0 
 HRV, 2005, 271.0 
 CUB, 2005, 1876.0 
 CYP, 2005, 76.0 
 CZE, 2005,  
 PRK, 2005,  
 COD, 2005, 9094.0 
 DNK, 2005, 2402.0 
 DJI, 2005, 288.0 
 DMA, 2005,  
 DOM, 2005, 2195.0 
 ECU, 2005, 1201.0 
 EGY, 2005, 12.0 
 SLV, 2005, 2431.0 
 GNQ, 2005, 457.0 
 ERI, 2005, 455.0 
 EST, 2005,  
 SWZ, 2005, 10315.0 
 ETH, 2005, 19071.0 
 FJI, 2005, 20.0 
 FIN, 2005,  
 FRA, 2005, 81071.0 
 GAB, 2005, 4503.0 
 GMB, 2005, 287.0 
 GEO, 2005, 145.0 
 DEU, 2005,  
 GHA, 2005, 3799.0 
 GRC, 2005, 2921.0 
 GRD, 2005,  
 GTM, 2005, 3300.0 
 GIN, 2005, 1695.0 
 GNB, 2005, 62.0 
 GUY, 2005, 1202.0 
 HTI, 2005, 3995.0 
 HND, 2005, 3627.0 
 HUN, 2005,  
 ISL, 2005, 85.0 
 IND, 2005, 29642.0 
 IDN, 2005, 605.0 
 IRN, 2005, 237.0 
 IRQ, 2005,  
 IRL, 2005, 1838.0 
 ISR, 2005,  
 ITA, 2005, 46364.0 
 JAM, 2005, 1557.0 
 JPN, 2005, 4681.0 
 JOR, 2005,  
 KAZ, 2005, 197.0 
 KEN, 2005, 54093.0 
 KIR, 2005,  
 KWT, 2005,  
 KGZ, 2005, 36.0 
 LAO, 2005, 326.0 
 LVA, 2005, 106.0 
 LBN, 2005, 163.0 
 LSO, 2005, 8467.0 
 LBR, 2005, 0.0 
 LBY, 2005, 498.0 
 LTU, 2005, 56.0 
 LUX, 2005, 248.0 
 MDG, 2005, 36.0 
 MWI, 2005, 28110.0 
 MYS, 2005, 5862.0 
 MDV, 2005, 0.0 
 MLI, 2005, 2972.0 
 MLT, 2005,  
 MHL, 2005,  
 MRT, 2005, 254.0 
 MUS, 2005, 155.0 
 MEX, 2005, 32206.0 
 FSM, 2005,  
 MCO, 2005,  
 MNG, 2005, 1.0 
 MNE, 2005, 18.0 
 MAR, 2005, 1106.0 
 MOZ, 2005, 18955.0 
 MMR, 2005, 2663.0 
 NAM, 2005, 13566.0 
 NRU, 2005,  
 NPL, 2005, 172.0 
 NLD, 2005, 8049.0 
 NZL, 2005, 863.0 
 NIC, 2005, 163.0 
 NER, 2005, 695.0 
 NGA, 2005, 62089.0 
 NIU, 2005,  
 MKD, 2005,  
 NOR, 2005, 1878.0 
 OMN, 2005, 208.0 
 PAK, 2005, 115.0 
 PLW, 2005,  
 PAN, 2005,  
 PNG, 2005, 264.0 
 PRY, 2005, 483.0 
 PER, 2005, 3535.0 
 PHL, 2005, 57.0 
 POL, 2005,  
 PRT, 2005, 12549.0 
 QAT, 2005, 0.0 
 KOR, 2005,  
 MDA, 2005, 150.0 
 ROU, 2005, 6556.0 
 RUS, 2005,  
 RWA, 2005, 18884.0 
 KNA, 2005,  
 LCA, 2005,  
 VCT, 2005,  
 WSM, 2005,  
 SMR, 2005,  
 STP, 2005,  
 SAU, 2005,  
 SEN, 2005, 203.0 
 SRB, 2005, 586.0 
 SYC, 2005,  
 SLE, 2005, 317.0 
 SGP, 2005, 316.0 
 SVK, 2005, 65.0 
 SVN, 2005, 96.0 
 SLB, 2005,  
 SOM, 2005, 47.0 
 ZAF, 2005, 148113.0 
 SSD, 2005, 0.0 
 ESP, 2005, 58027.0 
 LKA, 2005, 54.0 
 SDN, 2005, 0.0 
 SUR, 2005, 344.0 
 SWE, 2005,  
 CHE, 2005, 6370.0 
 SYR, 2005, 13.0 
 TJK, 2005, 0.0 
 THA, 2005, 99402.0 
 GBR, 2005, 32862.0 
 TLS, 2005, 1.0 
 TGO, 2005, 5130.0 
 TON, 2005,  
 TTO, 2005, 1531.0 
 TUN, 2005, 130.0 
 TUR, 2005,  
 TKM, 2005, 0.0 
 TUV, 2005,  
 UGA, 2005, 89000.0 
 UKR, 2005, 3056.0 
 ARE, 2005,  
 TZA, 2005, 19712.0 
 USA, 2005,  
 URY, 2005, 1472.0 
 UZB, 2005, 0.0 
 VUT, 2005,  
 VEN, 2005, 11917.0 
 VNM, 2005, 2697.0 
 YEM, 2005, 0.0 
 ZMB, 2005, 57165.0 
 ZWE, 2005, 27675.0 
 AFG, 2004, 0.0 
 ALB, 2004, 11.0 
 DZA, 2004, 440.0 
 AND, 2004,  
 AGO, 2004, 240.0 
 ATG, 2004,  
 ARG, 2004, 25535.0 
 ARM, 2004,  
 AUS, 2004, 7351.0 
 AUT, 2004,  
 AZE, 2004, 0.0 
 BHS, 2004, 876.0 
 BHR, 2004, 23.0 
 BGD, 2004, 0.0 
 BRB, 2004, 423.0 
 BLR, 2004, 68.0 
 BEL, 2004,  
 BLZ, 2004, 147.0 
 BEN, 2004, 0.0 
 BTN, 2004, 1.0 
 BOL, 2004, 128.0 
 BIH, 2004,  
 BWA, 2004, 36422.0 
 BRA, 2004, 196914.0 
 BRN, 2004,  
 BGR, 2004, 157.0 
 BFA, 2004, 3984.0 
 BDI, 2004, 3900.0 
 CPV, 2004, 10.0 
 KHM, 2004, 5974.0 
 CMR, 2004, 14000.0 
 CAN, 2004,  
 CAF, 2004, 525.0 
 TCD, 2004, 450.0 
 CHL, 2004, 5629.0 
 CHN, 2004, 8661.0 
 COL, 2004, 4792.0 
 COM, 2004, 0.0 
 COG, 2004, 464.0 
 COK, 2004,  
 CRI, 2004, 1003.0 
 CIV, 2004, 6265.0 
 HRV, 2004, 238.0 
 CUB, 2004, 1513.0 
 CYP, 2004, 61.0 
 CZE, 2004,  
 PRK, 2004,  
 COD, 2004, 4353.0 
 DNK, 2004, 2302.0 
 DJI, 2004, 149.0 
 DMA, 2004,  
 DOM, 2004, 447.0 
 ECU, 2004, 801.0 
 EGY, 2004, 10.0 
 SLV, 2004, 1395.0 
 GNQ, 2004, 113.0 
 ERI, 2004, 20.0 
 EST, 2004,  
 SWZ, 2004, 5453.0 
 ETH, 2004, 6670.0 
 FJI, 2004, 11.0 
 FIN, 2004,  
 FRA, 2004, 76347.0 
 GAB, 2004, 2000.0 
 GMB, 2004, 0.0 
 GEO, 2004, 51.0 
 DEU, 2004,  
 GHA, 2004, 1831.0 
 GRC, 2004, 2713.0 
 GRD, 2004,  
 GTM, 2004, 2999.0 
 GIN, 2004, 652.0 
 GNB, 2004, 49.0 
 GUY, 2004, 497.0 
 HTI, 2004, 1902.0 
 HND, 2004, 2638.0 
 HUN, 2004,  
 ISL, 2004, 74.0 
 IND, 2004, 6600.0 
 IDN, 2004, 20.0 
 IRN, 2004, 122.0 
 IRQ, 2004,  
 IRL, 2004, 1635.0 
 ISR, 2004,  
 ITA, 2004, 41212.0 
 JAM, 2004, 183.0 
 JPN, 2004, 3671.0 
 JOR, 2004,  
 KAZ, 2004, 16.0 
 KEN, 2004, 24960.0 
 KIR, 2004,  
 KWT, 2004,  
 KGZ, 2004, 1.0 
 LAO, 2004, 175.0 
 LVA, 2004, 97.0 
 LBN, 2004, 133.0 
 LSO, 2004, 1836.0 
 LBR, 2004, 0.0 
 LBY, 2004, 376.0 
 LTU, 2004, 46.0 
 LUX, 2004, 215.0 
 MDG, 2004, 21.0 
 MWI, 2004, 10344.0 
 MYS, 2004, 4645.0 
 MDV, 2004, 0.0 
 MLI, 2004, 3300.0 
 MLT, 2004,  
 MHL, 2004,  
 MRT, 2004, 71.0 
 MUS, 2004, 94.0 
 MEX, 2004, 28011.0 
 FSM, 2004,  
 MCO, 2004,  
 MNG, 2004, 1.0 
 MNE, 2004, 12.0 
 MAR, 2004, 884.0 
 MOZ, 2004, 7454.0 
 MMR, 2004, 485.0 
 NAM, 2004, 5480.0 
 NRU, 2004,  
 NPL, 2004, 50.0 
 NLD, 2004, 7489.0 
 NZL, 2004, 772.0 
 NIC, 2004, 52.0 
 NER, 2004, 102.0 
 NGA, 2004, 44590.0 
 NIU, 2004,  
 MKD, 2004,  
 NOR, 2004, 1631.0 
 OMN, 2004, 194.0 
 PAK, 2004, 100.0 
 PLW, 2004,  
 PAN, 2004,  
 PNG, 2004, 22.0 
 PRY, 2004, 0.0 
 PER, 2004, 1250.0 
 PHL, 2004,  
 POL, 2004,  
 PRT, 2004, 11155.0 
 QAT, 2004, 0.0 
 KOR, 2004,  
 MDA, 2004, 82.0 
 ROU, 2004, 6228.0 
 RUS, 2004,  
 RWA, 2004, 5749.0 
 KNA, 2004,  
 LCA, 2004,  
 VCT, 2004,  
 WSM, 2004,  
 SMR, 2004,  
 STP, 2004,  
 SAU, 2004,  
 SEN, 2004, 190.0 
 SRB, 2004, 450.0 
 SYC, 2004,  
 SLE, 2004, 0.0 
 SGP, 2004, 208.0 
 SVK, 2004, 65.0 
 SVN, 2004, 83.0 
 SLB, 2004,  
 SOM, 2004, 0.0 
 ZAF, 2004, 66168.0 
 SSD, 2004, 0.0 
 ESP, 2004, 52188.0 
 LKA, 2004, 14.0 
 SDN, 2004, 0.0 
 SUR, 2004, 225.0 
 SWE, 2004,  
 CHE, 2004, 5735.0 
 SYR, 2004, 12.0 
 TJK, 2004, 0.0 
 THA, 2004, 55465.0 
 GBR, 2004, 27950.0 
 TLS, 2004, 0.0 
 TGO, 2004, 1961.0 
 TON, 2004,  
 TTO, 2004, 1101.0 
 TUN, 2004, 92.0 
 TUR, 2004,  
 TKM, 2004, 0.0 
 TUV, 2004,  
 UGA, 2004, 50291.0 
 UKR, 2004, 1299.0 
 ARE, 2004,  
 TZA, 2004, 6962.0 
 USA, 2004,  
 URY, 2004, 1319.0 
 UZB, 2004, 0.0 
 VUT, 2004,  
 VEN, 2004, 9686.0 
 VNM, 2004, 516.0 
 YEM, 2004, 0.0 
 ZMB, 2004, 29998.0 
 ZWE, 2004, 11768.0 
 AFG, 2003, 0.0 
 ALB, 2003, 0.0 
 DZA, 2003, 334.0 
 AND, 2003,  
 AGO, 2003, 0.0 
 ATG, 2003,  
 ARG, 2003, 22161.0 
 ARM, 2003,  
 AUS, 2003, 6940.0 
 AUT, 2003,  
 AZE, 2003, 0.0 
 BHS, 2003, 699.0 
 BHR, 2003, 22.0 
 BGD, 2003, 0.0 
 BRB, 2003, 320.0 
 BLR, 2003, 11.0 
 BEL, 2003,  
 BLZ, 2003, 152.0 
 BEN, 2003, 0.0 
 BTN, 2003, 0.0 
 BOL, 2003, 95.0 
 BIH, 2003,  
 BWA, 2003, 16769.0 
 BRA, 2003, 168541.0 
 BRN, 2003, 0.0 
 BGR, 2003, 138.0 
 BFA, 2003, 1525.0 
 BDI, 2003, 1331.0 
 CPV, 2003, 3.0 
 KHM, 2003, 2230.0 
 CMR, 2003, 1794.0 
 CAN, 2003,  
 CAF, 2003, 393.0 
 TCD, 2003, 1811.0 
 CHL, 2003, 4882.0 
 CHN, 2003, 7572.0 
 COL, 2003, 3251.0 
 COM, 2003, 0.0 
 COG, 2003, 464.0 
 COK, 2003,  
 CRI, 2003, 818.0 
 CIV, 2003, 3365.0 
 HRV, 2003, 212.0 
 CUB, 2003, 1158.0 
 CYP, 2003, 46.0 
 CZE, 2003,  
 PRK, 2003,  
 COD, 2003, 784.0 
 DNK, 2003, 2152.0 
 DJI, 2003,  
 DMA, 2003,  
 DOM, 2003, 110.0 
 ECU, 2003, 400.0 
 EGY, 2003, 8.0 
 SLV, 2003, 606.0 
 GNQ, 2003, 8.0 
 ERI, 2003, 27.0 
 EST, 2003,  
 SWZ, 2003, 3350.0 
 ETH, 2003, 549.0 
 FJI, 2003, 0.0 
 FIN, 2003,  
 FRA, 2003, 71622.0 
 GAB, 2003, 617.0 
 GMB, 2003, 0.0 
 GEO, 2003, 0.0 
 DEU, 2003,  
 GHA, 2003, 197.0 
 GRC, 2003, 2559.0 
 GRD, 2003,  
 GTM, 2003, 3059.0 
 GIN, 2003, 500.0 
 GNB, 2003, 37.0 
 GUY, 2003, 123.0 
 HTI, 2003, 1202.0 
 HND, 2003, 1991.0 
 HUN, 2003,  
 ISL, 2003, 63.0 
 IND, 2003, 0.0 
 IDN, 2003, 16.0 
 IRN, 2003, 38.0 
 IRQ, 2003,  
 IRL, 2003, 1430.0 
 ISR, 2003,  
 ITA, 2003, 36061.0 
 JAM, 2003, 107.0 
 JPN, 2003, 2854.0 
 JOR, 2003,  
 KAZ, 2003, 14.0 
 KEN, 2003, 0.0 
 KIR, 2003,  
 KWT, 2003,  
 KGZ, 2003, 0.0 
 LAO, 2003, 38.0 
 LVA, 2003, 85.0 
 LBN, 2003, 96.0 
 LSO, 2003, 1108.0 
 LBR, 2003, 0.0 
 LBY, 2003, 234.0 
 LTU, 2003, 28.0 
 LUX, 2003, 200.0 
 MDG, 2003, 6.0 
 MWI, 2003, 0.0 
 MYS, 2003, 3426.0 
 MDV, 2003, 0.0 
 MLI, 2003, 1073.0 
 MLT, 2003,  
 MHL, 2003,  
 MRT, 2003, 19.0 
 MUS, 2003, 61.0 
 MEX, 2003, 24514.0 
 FSM, 2003,  
 MCO, 2003,  
 MNG, 2003, 1.0 
 MNE, 2003, 9.0 
 MAR, 2003, 552.0 
 MOZ, 2003, 3312.0 
 MMR, 2003, 121.0 
 NAM, 2003, 214.0 
 NRU, 2003,  
 NPL, 2003, 0.0 
 NLD, 2003, 6877.0 
 NZL, 2003, 671.0 
 NIC, 2003, 22.0 
 NER, 2003, 0.0 
 NGA, 2003, 17672.0 
 NIU, 2003,  
 MKD, 2003,  
 NOR, 2003, 1384.0 
 OMN, 2003, 179.0 
 PAK, 2003, 51.0 
 PLW, 2003,  
 PAN, 2003,  
 PNG, 2003, 0.0 
 PRY, 2003, 0.0 
 PER, 2003, 1900.0 
 PHL, 2003, 0.0 
 POL, 2003,  
 PRT, 2003, 9622.0 
 QAT, 2003, 0.0 
 KOR, 2003,  
 MDA, 2003, 27.0 
 ROU, 2003, 5902.0 
 RUS, 2003,  
 RWA, 2003, 0.0 
 KNA, 2003,  
 LCA, 2003,  
 VCT, 2003,  
 WSM, 2003,  
 SMR, 2003,  
 STP, 2003,  
 SAU, 2003,  
 SEN, 2003, 181.0 
 SRB, 2003, 335.0 
 SYC, 2003,  
 SLE, 2003, 0.0 
 SGP, 2003, 173.0 
 SVK, 2003, 20.0 
 SVN, 2003, 71.0 
 SLB, 2003,  
 SOM, 2003, 0.0 
 ZAF, 2003, 28571.0 
 SSD, 2003, 0.0 
 ESP, 2003, 46347.0 
 LKA, 2003, 0.0 
 SDN, 2003, 0.0 
 SUR, 2003, 138.0 
 SWE, 2003,  
 CHE, 2003, 5102.0 
 SYR, 2003, 4.0 
 TJK, 2003, 0.0 
 THA, 2003, 25156.0 
 GBR, 2003, 24306.0 
 TLS, 2003, 0.0 
 TGO, 2003, 1002.0 
 TON, 2003,  
 TTO, 2003, 671.0 
 TUN, 2003, 69.0 
 TUR, 2003,  
 TKM, 2003, 0.0 
 TUV, 2003,  
 UGA, 2003, 20000.0 
 UKR, 2003, 0.0 
 ARE, 2003,  
 TZA, 2003, 5570.0 
 USA, 2003,  
 URY, 2003, 1167.0 
 UZB, 2003, 0.0 
 VUT, 2003,  
 VEN, 2003, 7454.0 
 VNM, 2003, 200.0 
 YEM, 2003, 0.0 
 ZMB, 2003, 15328.0 
 ZWE, 2003, 0.0 
 AFG, 2002, 0.0 
 ALB, 2002, 0.0 
 DZA, 2002, 272.0 
 AND, 2002,  
 AGO, 2002, 0.0 
 ATG, 2002,  
 ARG, 2002, 18855.0 
 ARM, 2002,  
 AUS, 2002, 6601.0 
 AUT, 2002,  
 AZE, 2002, 0.0 
 BHS, 2002, 112.0 
 BHR, 2002, 22.0 
 BGD, 2002, 0.0 
 BRB, 2002, 49.0 
 BLR, 2002, 3.0 
 BEL, 2002,  
 BLZ, 2002, 60.0 
 BEN, 2002, 0.0 
 BTN, 2002, 0.0 
 BOL, 2002, 63.0 
 BIH, 2002,  
 BWA, 2002, 6156.0 
 BRA, 2002, 143022.0 
 BRN, 2002, 0.0 
 BGR, 2002, 97.0 
 BFA, 2002, 0.0 
 BDI, 2002, 657.0 
 CPV, 2002, 3.0 
 KHM, 2002, 392.0 
 CMR, 2002, 723.0 
 CAN, 2002,  
 CAF, 2002, 262.0 
 TCD, 2002, 86.0 
 CHL, 2002, 3685.0 
 CHN, 2002, 3822.0 
 COL, 2002, 1709.0 
 COM, 2002, 0.0 
 COG, 2002, 269.0 
 COK, 2002,  
 CRI, 2002, 645.0 
 CIV, 2002, 3008.0 
 HRV, 2002, 185.0 
 CUB, 2002, 768.0 
 CYP, 2002, 30.0 
 CZE, 2002,  
 PRK, 2002,  
 COD, 2002, 188.0 
 DNK, 2002, 2002.0 
 DJI, 2002, 0.0 
 DMA, 2002,  
 DOM, 2002, 130.0 
 ECU, 2002, 379.0 
 EGY, 2002, 6.0 
 SLV, 2002, 257.0 
 GNQ, 2002, 2.0 
 ERI, 2002, 18.0 
 EST, 2002,  
 SWZ, 2002, 2233.0 
 ETH, 2002, 0.0 
 FJI, 2002, 0.0 
 FIN, 2002,  
 FRA, 2002, 66898.0 
 GAB, 2002, 400.0 
 GMB, 2002, 0.0 
 GEO, 2002, 0.0 
 DEU, 2002,  
 GHA, 2002, 0.0 
 GRC, 2002, 2412.0 
 GRD, 2002,  
 GTM, 2002, 93.0 
 GIN, 2002, 326.0 
 GNB, 2002, 24.0 
 GUY, 2002, 0.0 
 HTI, 2002, 837.0 
 HND, 2002, 200.0 
 HUN, 2002,  
 ISL, 2002, 53.0 
 IND, 2002, 0.0 
 IDN, 2002, 12.0 
 IRN, 2002, 23.0 
 IRQ, 2002,  
 IRL, 2002, 1225.0 
 ISR, 2002,  
 ITA, 2002, 30910.0 
 JAM, 2002, 52.0 
 JPN, 2002, 2202.0 
 JOR, 2002,  
 KAZ, 2002, 7.0 
 KEN, 2002, 0.0 
 KIR, 2002,  
 KWT, 2002,  
 KGZ, 2002, 0.0 
 LAO, 2002,  
 LVA, 2002, 56.0 
 LBN, 2002, 64.0 
 LSO, 2002, 382.0 
 LBR, 2002, 0.0 
 LBY, 2002, 238.0 
 LTU, 2002, 0.0 
 LUX, 2002, 193.0 
 MDG, 2002, 0.0 
 MWI, 2002, 0.0 
 MYS, 2002, 2205.0 
 MDV, 2002, 0.0 
 MLI, 2002, 436.0 
 MLT, 2002,  
 MHL, 2002,  
 MRT, 2002, 9.0 
 MUS, 2002, 38.0 
 MEX, 2002, 18313.0 
 FSM, 2002,  
 MCO, 2002,  
 MNG, 2002, 0.0 
 MNE, 2002, 7.0 
 MAR, 2002, 0.0 
 MOZ, 2002, 0.0 
 MMR, 2002, 17.0 
 NAM, 2002, 0.0 
 NRU, 2002,  
 NPL, 2002, 0.0 
 NLD, 2002, 6271.0 
 NZL, 2002, 580.0 
 NIC, 2002, 0.0 
 NER, 2002, 0.0 
 NGA, 2002, 5754.0 
 NIU, 2002,  
 MKD, 2002,  
 NOR, 2002, 1138.0 
 OMN, 2002, 164.0 
 PAK, 2002, 27.0 
 PLW, 2002,  
 PAN, 2002,  
 PNG, 2002, 0.0 
 PRY, 2002, 0.0 
 PER, 2002, 950.0 
 PHL, 2002, 0.0 
 POL, 2002,  
 PRT, 2002, 8090.0 
 QAT, 2002, 0.0 
 KOR, 2002,  
 MDA, 2002, 7.0 
 ROU, 2002, 5574.0 
 RUS, 2002,  
 RWA, 2002, 0.0 
 KNA, 2002,  
 LCA, 2002,  
 VCT, 2002,  
 WSM, 2002,  
 SMR, 2002,  
 STP, 2002,  
 SAU, 2002,  
 SEN, 2002, 175.0 
 SRB, 2002, 1.0 
 SYC, 2002,  
 SLE, 2002, 0.0 
 SGP, 2002, 141.0 
 SVK, 2002, 16.0 
 SVN, 2002, 61.0 
 SLB, 2002,  
 SOM, 2002, 0.0 
 ZAF, 2002, 18497.0 
 SSD, 2002, 0.0 
 ESP, 2002, 40507.0 
 LKA, 2002, 0.0 
 SDN, 2002, 0.0 
 SUR, 2002, 47.0 
 SWE, 2002,  
 CHE, 2002, 4467.0 
 SYR, 2002, 0.0 
 TJK, 2002, 0.0 
 THA, 2002, 14129.0 
 GBR, 2002, 20726.0 
 TLS, 2002, 0.0 
 TGO, 2002, 142.0 
 TON, 2002,  
 TTO, 2002, 309.0 
 TUN, 2002, 49.0 
 TUR, 2002,  
 TKM, 2002, 0.0 
 TUV, 2002,  
 UGA, 2002, 13250.0 
 UKR, 2002, 0.0 
 ARE, 2002,  
 TZA, 2002, 4177.0 
 USA, 2002,  
 URY, 2002, 1007.0 
 UZB, 2002, 0.0 
 VUT, 2002,  
 VEN, 2002, 5223.0 
 VNM, 2002, 50.0 
 YEM, 2002, 0.0 
 ZMB, 2002, 142.0 
 ZWE, 2002, 0.0 
 AFG, 2001, 0.0 
 ALB, 2001, 0.0 
 DZA, 2001, 220.0 
 AND, 2001,  
 AGO, 2001, 0.0 
 ATG, 2001,  
 ARG, 2001, 15566.0 
 ARM, 2001,  
 AUS, 2001, 6551.0 
 AUT, 2001,  
 AZE, 2001, 0.0 
 BHS, 2001, 104.0 
 BHR, 2001, 16.0 
 BGD, 2001, 0.0 
 BRB, 2001, 4.0 
 BLR, 2001, 0.0 
 BEL, 2001,  
 BLZ, 2001, 16.0 
 BEN, 2001, 0.0 
 BTN, 2001, 0.0 
 BOL, 2001, 30.0 
 BIH, 2001,  
 BWA, 2001, 2000.0 
 BRA, 2001, 118971.0 
 BRN, 2001, 0.0 
 BGR, 2001, 93.0 
 BFA, 2001, 0.0 
 BDI, 2001, 595.0 
 CPV, 2001, 2.0 
 KHM, 2001, 71.0 
 CMR, 2001, 422.0 
 CAN, 2001,  
 CAF, 2001, 131.0 
 TCD, 2001, 24.0 
 CHL, 2001, 2419.0 
 CHN, 2001, 9.0 
 COL, 2001, 169.0 
 COM, 2001, 0.0 
 COG, 2001, 114.0 
 COK, 2001,  
 CRI, 2001, 483.0 
 CIV, 2001, 1800.0 
 HRV, 2001, 159.0 
 CUB, 2001, 333.0 
 CYP, 2001, 15.0 
 CZE, 2001,  
 PRK, 2001,  
 COD, 2001, 0.0 
 DNK, 2001, 1872.0 
 DJI, 2001, 0.0 
 DMA, 2001,  
 DOM, 2001, 150.0 
 ECU, 2001, 358.0 
 EGY, 2001, 4.0 
 SLV, 2001, 73.0 
 GNQ, 2001, 0.0 
 ERI, 2001, 8.0 
 EST, 2001,  
 SWZ, 2001, 1116.0 
 ETH, 2001, 0.0 
 FJI, 2001, 0.0 
 FIN, 2001,  
 FRA, 2001, 62174.0 
 GAB, 2001, 100.0 
 GMB, 2001, 0.0 
 GEO, 2001, 0.0 
 DEU, 2001,  
 GHA, 2001, 0.0 
 GRC, 2001, 2256.0 
 GRD, 2001,  
 GTM, 2001, 55.0 
 GIN, 2001, 153.0 
 GNB, 2001, 12.0 
 GUY, 2001, 0.0 
 HTI, 2001, 275.0 
 HND, 2001, 0.0 
 HUN, 2001,  
 ISL, 2001, 43.0 
 IND, 2001, 0.0 
 IDN, 2001, 8.0 
 IRN, 2001, 11.0 
 IRQ, 2001,  
 IRL, 2001, 1022.0 
 ISR, 2001,  
 ITA, 2001, 25760.0 
 JAM, 2001, 14.0 
 JPN, 2001, 1689.0 
 JOR, 2001,  
 KAZ, 2001, 4.0 
 KEN, 2001, 0.0 
 KIR, 2001,  
 KWT, 2001,  
 KGZ, 2001, 0.0 
 LAO, 2001, 0.0 
 LVA, 2001, 44.0 
 LBN, 2001, 37.0 
 LSO, 2001, 0.0 
 LBR, 2001, 0.0 
 LBY, 2001, 176.0 
 LTU, 2001, 0.0 
 LUX, 2001, 176.0 
 MDG, 2001, 0.0 
 MWI, 2001, 0.0 
 MYS, 2001, 986.0 
 MDV, 2001, 0.0 
 MLI, 2001, 103.0 
 MLT, 2001,  
 MHL, 2001,  
 MRT, 2001, 4.0 
 MUS, 2001, 16.0 
 MEX, 2001, 13557.0 
 FSM, 2001,  
 MCO, 2001,  
 MNG, 2001, 0.0 
 MNE, 2001, 6.0 
 MAR, 2001, 0.0 
 MOZ, 2001, 0.0 
 MMR, 2001, 0.0 
 NAM, 2001, 0.0 
 NRU, 2001,  
 NPL, 2001, 0.0 
 NLD, 2001, 5584.0 
 NZL, 2001, 498.0 
 NIC, 2001, 0.0 
 NER, 2001, 0.0 
 NGA, 2001, 3836.0 
 NIU, 2001,  
 MKD, 2001,  
 NOR, 2001, 892.0 
 OMN, 2001, 150.0 
 PAK, 2001, 4.0 
 PLW, 2001,  
 PAN, 2001,  
 PNG, 2001, 0.0 
 PRY, 2001, 0.0 
 PER, 2001, 80.0 
 PHL, 2001, 0.0 
 POL, 2001,  
 PRT, 2001, 6557.0 
 QAT, 2001, 0.0 
 KOR, 2001,  
 MDA, 2001, 0.0 
 ROU, 2001, 4819.0 
 RUS, 2001,  
 RWA, 2001, 0.0 
 KNA, 2001,  
 LCA, 2001,  
 VCT, 2001,  
 WSM, 2001,  
 SMR, 2001,  
 STP, 2001,  
 SAU, 2001,  
 SEN, 2001, 169.0 
 SRB, 2001, 0.0 
 SYC, 2001,  
 SLE, 2001, 0.0 
 SGP, 2001, 113.0 
 SVK, 2001, 13.0 
 SVN, 2001, 53.0 
 SLB, 2001,  
 SOM, 2001, 0.0 
 ZAF, 2001, 10248.0 
 SSD, 2001, 0.0 
 ESP, 2001, 34665.0 
 LKA, 2001, 0.0 
 SDN, 2001, 0.0 
 SUR, 2001, 8.0 
 SWE, 2001,  
 CHE, 2001, 3833.0 
 SYR, 2001, 0.0 
 TJK, 2001, 0.0 
 THA, 2001, 5260.0 
 GBR, 2001, 17604.0 
 TLS, 2001, 0.0 
 TGO, 2001, 0.0 
 TON, 2001,  
 TTO, 2001, 67.0 
 TUN, 2001, 33.0 
 TUR, 2001,  
 TKM, 2001, 0.0 
 TUV, 2001,  
 UGA, 2001, 6500.0 
 UKR, 2001, 0.0 
 ARE, 2001,  
 TZA, 2001, 2785.0 
 USA, 2001,  
 URY, 2001, 854.0 
 UZB, 2001, 0.0 
 VUT, 2001,  
 VEN, 2001, 2993.0 
 VNM, 2001, 0.0 
 YEM, 2001, 0.0 
 ZMB, 2001, 0.0 
 ZWE, 2001, 0.0 
 AFG, 2000, 0.0 
 ALB, 2000, 0.0 
 DZA, 2000, 157.0 
 AND, 2000,  
 AGO, 2000, 0.0 
 ATG, 2000,  
 ARG, 2000, 12327.0 
 ARM, 2000,  
 AUS, 2000, 6031.0 
 AUT, 2000,  
 AZE, 2000, 0.0 
 BHS, 2000, 46.0 
 BHR, 2000, 14.0 
 BGD, 2000, 0.0 
 BRB, 2000, 1.0 
 BLR, 2000, 0.0 
 BEL, 2000,  
 BLZ, 2000, 8.0 
 BEN, 2000, 0.0 
 BTN, 2000, 0.0 
 BOL, 2000, 0.0 
 BIH, 2000,  
 BWA, 2000, 1000.0 
 BRA, 2000, 93158.0 
 BRN, 2000, 0.0 
 BGR, 2000, 71.0 
 BFA, 2000, 0.0 
 BDI, 2000, 38.0 
 CPV, 2000, 1.0 
 KHM, 2000, 17.0 
 CMR, 2000, 211.0 
 CAN, 2000,  
 CAF, 2000, 52.0 
 TCD, 2000, 0.0 
 CHL, 2000, 1780.0 
 CHN, 2000, 0.0 
 COL, 2000, 504.0 
 COM, 2000, 0.0 
 COG, 2000, 57.0 
 COK, 2000,  
 CRI, 2000, 340.0 
 CIV, 2000, 223.0 
 HRV, 2000, 132.0 
 CUB, 2000, 47.0 
 CYP, 2000, 0.0 
 CZE, 2000,  
 PRK, 2000,  
 COD, 2000, 0.0 
 DNK, 2000, 1740.0 
 DJI, 2000, 0.0 
 DMA, 2000,  
 DOM, 2000, 0.0 
 ECU, 2000, 337.0 
 EGY, 2000, 2.0 
 SLV, 2000, 0.0 
 GNQ, 2000, 0.0 
 ERI, 2000, 0.0 
 EST, 2000,  
 SWZ, 2000, 265.0 
 ETH, 2000, 0.0 
 FJI, 2000, 0.0 
 FIN, 2000,  
 FRA, 2000, 57448.0 
 GAB, 2000, 0.0 
 GMB, 2000, 0.0 
 GEO, 2000, 0.0 
 DEU, 2000,  
 GHA, 2000, 0.0 
 GRC, 2000, 2074.0 
 GRD, 2000,  
 GTM, 2000, 0.0 
 GIN, 2000, 38.0 
 GNB, 2000, 5.0 
 GUY, 2000, 0.0 
 HTI, 2000, 108.0 
 HND, 2000, 0.0 
 HUN, 2000,  
 ISL, 2000, 33.0 
 IND, 2000, 0.0 
 IDN, 2000, 4.0 
 IRN, 2000, 2.0 
 IRQ, 2000,  
 IRL, 2000, 817.0 
 ISR, 2000,  
 ITA, 2000, 20609.0 
 JAM, 2000, 5.0 
 JPN, 2000, 1292.0 
 JOR, 2000,  
 KAZ, 2000, 1.0 
 KEN, 2000, 0.0 
 KIR, 2000,  
 KWT, 2000,  
 KGZ, 2000, 0.0 
 LAO, 2000, 0.0 
 LVA, 2000, 30.0 
 LBN, 2000, 16.0 
 LSO, 2000, 0.0 
 LBR, 2000, 0.0 
 LBY, 2000, 132.0 
 LTU, 2000, 0.0 
 LUX, 2000, 162.0 
 MDG, 2000, 0.0 
 MWI, 2000, 0.0 
 MYS, 2000, 139.0 
 MDV, 2000, 0.0 
 MLI, 2000, 0.0 
 MLT, 2000,  
 MHL, 2000,  
 MRT, 2000, 2.0 
 MUS, 2000, 7.0 
 MEX, 2000, 10270.0 
 FSM, 2000,  
 MCO, 2000,  
 MNG, 2000, 0.0 
 MNE, 2000, 4.0 
 MAR, 2000, 0.0 
 MOZ, 2000, 0.0 
 MMR, 2000, 0.0 
 NAM, 2000, 0.0 
 NRU, 2000,  
 NPL, 2000, 0.0 
 NLD, 2000, 4878.0 
 NZL, 2000, 426.0 
 NIC, 2000, 0.0 
 NER, 2000, 0.0 
 NGA, 2000, 1918.0 
 NIU, 2000,  
 MKD, 2000,  
 NOR, 2000, 672.0 
 OMN, 2000, 135.0 
 PAK, 2000, 2.0 
 PLW, 2000,  
 PAN, 2000,  
 PNG, 2000, 0.0 
 PRY, 2000, 0.0 
 PER, 2000, 40.0 
 PHL, 2000, 0.0 
 POL, 2000,  
 PRT, 2000, 5025.0 
 QAT, 2000, 0.0 
 KOR, 2000,  
 MDA, 2000, 0.0 
 ROU, 2000, 4010.0 
 RUS, 2000, 0.0 
 RWA, 2000, 0.0 
 KNA, 2000,  
 LCA, 2000,  
 VCT, 2000,  
 WSM, 2000,  
 SMR, 2000,  
 STP, 2000,  
 SAU, 2000,  
 SEN, 2000, 30.0 
 SRB, 2000, 0.0 
 SYC, 2000,  
 SLE, 2000, 0.0 
 SGP, 2000, 87.0 
 SVK, 2000, 11.0 
 SVN, 2000, 44.0 
 SLB, 2000,  
 SOM, 2000, 0.0 
 ZAF, 2000, 3261.0 
 SSD, 2000, 0.0 
 ESP, 2000, 28823.0 
 LKA, 2000, 0.0 
 SDN, 2000, 0.0 
 SUR, 2000, 7.0 
 SWE, 2000,  
 CHE, 2000, 3198.0 
 SYR, 2000, 0.0 
 TJK, 2000, 0.0 
 THA, 2000, 1733.0 
 GBR, 2000, 14416.0 
 TLS, 2000, 0.0 
 TGO, 2000, 0.0 
 TON, 2000,  
 TTO, 2000, 9.0 
 TUN, 2000, 0.0 
 TUR, 2000,  
 TKM, 2000, 0.0 
 TUV, 2000,  
 UGA, 2000, 1066.0 
 UKR, 2000, 0.0 
 ARE, 2000,  
 TZA, 2000, 1392.0 
 USA, 2000,  
 URY, 2000, 708.0 
 UZB, 2000, 0.0 
 VUT, 2000,  
 VEN, 2000, 1100.0 
 VNM, 2000, 0.0 
 YEM, 2000, 0.0 
 ZMB, 2000, 0.0 
 ZWE, 2000, 0.0 
